[
{
    "model": "admin.logentry",
    "pk": 1,
    "fields": {
        "action_time": "2024-10-30T20:44:34.166Z",
        "user": 1,
        "content_type": 7,
        "object_id": "1",
        "object_repr": "info@hairhotty.com",
        "action_flag": 2,
        "change_message": "[{\"changed\": {\"fields\": [\"Domain name\", \"Display name\"]}}]"
    }
},
{
    "model": "admin.logentry",
    "pk": 2,
    "fields": {
        "action_time": "2024-10-30T21:01:04.982Z",
        "user": 1,
        "content_type": 4,
        "object_id": "1",
        "object_repr": "admin",
        "action_flag": 2,
        "change_message": "[]"
    }
},
{
    "model": "admin.logentry",
    "pk": 3,
    "fields": {
        "action_time": "2024-11-04T09:05:31.944Z",
        "user": 1,
        "content_type": 14,
        "object_id": "1",
        "object_repr": "Hair Wigs",
        "action_flag": 1,
        "change_message": "[{\"added\": {}}]"
    }
},
{
    "model": "admin.logentry",
    "pk": 4,
    "fields": {
        "action_time": "2024-11-04T09:05:51.661Z",
        "user": 1,
        "content_type": 14,
        "object_id": "2",
        "object_repr": "Hair Extensions",
        "action_flag": 1,
        "change_message": "[{\"added\": {}}]"
    }
},
{
    "model": "admin.logentry",
    "pk": 5,
    "fields": {
        "action_time": "2024-11-04T09:06:32.744Z",
        "user": 1,
        "content_type": 14,
        "object_id": "3",
        "object_repr": "Hair products",
        "action_flag": 1,
        "change_message": "[{\"added\": {}}]"
    }
},
{
    "model": "admin.logentry",
    "pk": 6,
    "fields": {
        "action_time": "2024-11-04T09:20:04.619Z",
        "user": 1,
        "content_type": 13,
        "object_id": "604696fd-75d7-49d5-8248-da09a0255946",
        "object_repr": "Cooper Brown Curly Wig",
        "action_flag": 1,
        "change_message": "[{\"added\": {}}]"
    }
},
{
    "model": "admin.logentry",
    "pk": 7,
    "fields": {
        "action_time": "2024-11-04T09:22:28.803Z",
        "user": 1,
        "content_type": 13,
        "object_id": "77fed194-210d-4617-9a1c-aeff6e2b089d",
        "object_repr": "Falling Leaves Half Wig",
        "action_flag": 1,
        "change_message": "[{\"added\": {}}]"
    }
},
{
    "model": "admin.logentry",
    "pk": 8,
    "fields": {
        "action_time": "2024-11-04T12:03:09.807Z",
        "user": 1,
        "content_type": 13,
        "object_id": "d86217f6-42d7-411f-b3bf-dc6a979e8c3e",
        "object_repr": "Starry Shadow Coily",
        "action_flag": 1,
        "change_message": "[{\"added\": {}}]"
    }
},
{
    "model": "admin.logentry",
    "pk": 9,
    "fields": {
        "action_time": "2024-11-05T14:14:19.692Z",
        "user": 1,
        "content_type": 14,
        "object_id": "3",
        "object_repr": "Hair produce",
        "action_flag": 2,
        "change_message": "[{\"changed\": {\"fields\": [\"Name\", \"Friendly name\"]}}]"
    }
},
{
    "model": "admin.logentry",
    "pk": 10,
    "fields": {
        "action_time": "2024-11-05T14:14:34.405Z",
        "user": 1,
        "content_type": 14,
        "object_id": "3",
        "object_repr": "Hair Produce",
        "action_flag": 2,
        "change_message": "[{\"changed\": {\"fields\": [\"Name\", \"Friendly name\"]}}]"
    }
},
{
    "model": "admin.logentry",
    "pk": 11,
    "fields": {
        "action_time": "2024-11-05T14:14:58.150Z",
        "user": 1,
        "content_type": 14,
        "object_id": "4",
        "object_repr": "Hair Utensils",
        "action_flag": 1,
        "change_message": "[{\"added\": {}}]"
    }
},
{
    "model": "admin.logentry",
    "pk": 12,
    "fields": {
        "action_time": "2024-11-05T14:15:15.046Z",
        "user": 1,
        "content_type": 14,
        "object_id": "5",
        "object_repr": "New Arrivals",
        "action_flag": 1,
        "change_message": "[{\"added\": {}}]"
    }
},
{
    "model": "admin.logentry",
    "pk": 13,
    "fields": {
        "action_time": "2024-11-05T14:15:27.111Z",
        "user": 1,
        "content_type": 14,
        "object_id": "6",
        "object_repr": "Deals",
        "action_flag": 1,
        "change_message": "[{\"added\": {}}]"
    }
},
{
    "model": "admin.logentry",
    "pk": 14,
    "fields": {
        "action_time": "2024-11-05T14:16:00.038Z",
        "user": 1,
        "content_type": 14,
        "object_id": "7",
        "object_repr": "Best Collections",
        "action_flag": 1,
        "change_message": "[{\"added\": {}}]"
    }
},
{
    "model": "admin.logentry",
    "pk": 15,
    "fields": {
        "action_time": "2024-11-05T14:16:14.776Z",
        "user": 1,
        "content_type": 14,
        "object_id": "8",
        "object_repr": "Special Offers",
        "action_flag": 1,
        "change_message": "[{\"added\": {}}]"
    }
},
{
    "model": "admin.logentry",
    "pk": 16,
    "fields": {
        "action_time": "2024-11-05T14:20:16.923Z",
        "user": 1,
        "content_type": 13,
        "object_id": "7a16036d-1fe1-4710-bec7-ab82011e1829",
        "object_repr": "Burmese Curly Clip-ins",
        "action_flag": 1,
        "change_message": "[{\"added\": {}}]"
    }
},
{
    "model": "admin.logentry",
    "pk": 17,
    "fields": {
        "action_time": "2024-11-05T14:27:15.280Z",
        "user": 1,
        "content_type": 13,
        "object_id": "8f9c98da-6708-49fa-be5d-7ec6697f2d35",
        "object_repr": "Autumn Haze Wig",
        "action_flag": 1,
        "change_message": "[{\"added\": {}}]"
    }
},
{
    "model": "admin.logentry",
    "pk": 18,
    "fields": {
        "action_time": "2024-11-05T14:28:34.920Z",
        "user": 1,
        "content_type": 14,
        "object_id": "8",
        "object_repr": "Special Offers",
        "action_flag": 2,
        "change_message": "[]"
    }
},
{
    "model": "admin.logentry",
    "pk": 19,
    "fields": {
        "action_time": "2024-11-05T14:28:53.415Z",
        "user": 1,
        "content_type": 14,
        "object_id": "1",
        "object_repr": "hair_wigs",
        "action_flag": 2,
        "change_message": "[{\"changed\": {\"fields\": [\"Name\"]}}]"
    }
},
{
    "model": "admin.logentry",
    "pk": 20,
    "fields": {
        "action_time": "2024-11-05T14:29:07.809Z",
        "user": 1,
        "content_type": 14,
        "object_id": "2",
        "object_repr": "hair_extensions",
        "action_flag": 2,
        "change_message": "[{\"changed\": {\"fields\": [\"Name\"]}}]"
    }
},
{
    "model": "admin.logentry",
    "pk": 21,
    "fields": {
        "action_time": "2024-11-05T14:35:32.484Z",
        "user": 1,
        "content_type": 13,
        "object_id": "7a16036d-1fe1-4710-bec7-ab82011e1829",
        "object_repr": "Burmese Curly Clip-ins",
        "action_flag": 2,
        "change_message": "[]"
    }
},
{
    "model": "admin.logentry",
    "pk": 22,
    "fields": {
        "action_time": "2024-11-05T14:46:47.769Z",
        "user": 1,
        "content_type": 14,
        "object_id": "7",
        "object_repr": "best_collections",
        "action_flag": 2,
        "change_message": "[{\"changed\": {\"fields\": [\"Name\"]}}]"
    }
},
{
    "model": "admin.logentry",
    "pk": 23,
    "fields": {
        "action_time": "2024-11-05T14:46:58.558Z",
        "user": 1,
        "content_type": 14,
        "object_id": "8",
        "object_repr": "special_offers",
        "action_flag": 2,
        "change_message": "[{\"changed\": {\"fields\": [\"Name\"]}}]"
    }
},
{
    "model": "admin.logentry",
    "pk": 24,
    "fields": {
        "action_time": "2024-11-05T14:47:07.528Z",
        "user": 1,
        "content_type": 14,
        "object_id": "6",
        "object_repr": "deals",
        "action_flag": 2,
        "change_message": "[{\"changed\": {\"fields\": [\"Name\"]}}]"
    }
},
{
    "model": "admin.logentry",
    "pk": 25,
    "fields": {
        "action_time": "2024-11-05T14:47:17.216Z",
        "user": 1,
        "content_type": 14,
        "object_id": "5",
        "object_repr": "new_arrivals",
        "action_flag": 2,
        "change_message": "[{\"changed\": {\"fields\": [\"Name\"]}}]"
    }
},
{
    "model": "admin.logentry",
    "pk": 26,
    "fields": {
        "action_time": "2024-11-05T14:47:29.794Z",
        "user": 1,
        "content_type": 14,
        "object_id": "4",
        "object_repr": "hair_utensils",
        "action_flag": 2,
        "change_message": "[{\"changed\": {\"fields\": [\"Name\"]}}]"
    }
},
{
    "model": "admin.logentry",
    "pk": 27,
    "fields": {
        "action_time": "2024-11-05T14:47:42.321Z",
        "user": 1,
        "content_type": 14,
        "object_id": "3",
        "object_repr": "hair_produce",
        "action_flag": 2,
        "change_message": "[{\"changed\": {\"fields\": [\"Name\"]}}]"
    }
},
{
    "model": "admin.logentry",
    "pk": 28,
    "fields": {
        "action_time": "2024-11-06T11:18:46.521Z",
        "user": 1,
        "content_type": 13,
        "object_id": "3b48552e-3e2c-48e4-b910-b6c190cd0099",
        "object_repr": "Kinky Coily Clip-in Hair Extensions",
        "action_flag": 1,
        "change_message": "[{\"added\": {}}]"
    }
},
{
    "model": "admin.logentry",
    "pk": 29,
    "fields": {
        "action_time": "2024-11-06T11:19:58.291Z",
        "user": 1,
        "content_type": 13,
        "object_id": "ca534d80-574c-4ef9-a83a-5666c5b84ec4",
        "object_repr": "Kinky Blow Out Clip-Ins Hair Extensions",
        "action_flag": 1,
        "change_message": "[{\"added\": {}}]"
    }
},
{
    "model": "admin.logentry",
    "pk": 30,
    "fields": {
        "action_time": "2024-11-06T11:30:52.220Z",
        "user": 1,
        "content_type": 13,
        "object_id": "ccad0077-8a94-4006-a028-f5eee873da33",
        "object_repr": "Red Hot 3 in 1 Half Wig",
        "action_flag": 1,
        "change_message": "[{\"added\": {}}]"
    }
},
{
    "model": "admin.logentry",
    "pk": 31,
    "fields": {
        "action_time": "2024-11-06T11:32:32.821Z",
        "user": 1,
        "content_type": 13,
        "object_id": "34731682-66d9-425b-8541-6f03e063d65d",
        "object_repr": "Rustic Romance Half Wig",
        "action_flag": 1,
        "change_message": "[{\"added\": {}}]"
    }
},
{
    "model": "admin.logentry",
    "pk": 32,
    "fields": {
        "action_time": "2024-11-06T11:34:29.300Z",
        "user": 1,
        "content_type": 13,
        "object_id": "ee266378-4b5f-4092-987c-b95272b6026d",
        "object_repr": "Bronze Ballade 3 in 1 Half Wig",
        "action_flag": 1,
        "change_message": "[{\"added\": {}}]"
    }
},
{
    "model": "admin.logentry",
    "pk": 33,
    "fields": {
        "action_time": "2024-11-06T11:35:52.383Z",
        "user": 1,
        "content_type": 13,
        "object_id": "aca9a078-b728-45f8-a4a4-c8290a8d1ce8",
        "object_repr": "Cocoa Queen Half Wig",
        "action_flag": 1,
        "change_message": "[{\"added\": {}}]"
    }
},
{
    "model": "admin.logentry",
    "pk": 34,
    "fields": {
        "action_time": "2024-11-14T12:04:31.065Z",
        "user": 1,
        "content_type": 16,
        "object_id": "5",
        "object_repr": "23C102D7A6684515B95D613D69F6F50E",
        "action_flag": 2,
        "change_message": "[{\"changed\": {\"name\": \"order line item\", \"object\": \"Product 8f9c98da-6708-49fa-be5d-7ec6697f2d35 on order 23C102D7A6684515B95D613D69F6F50E\", \"fields\": [\"Quantity\"]}}]"
    }
},
{
    "model": "admin.logentry",
    "pk": 35,
    "fields": {
        "action_time": "2024-11-14T12:04:49.282Z",
        "user": 1,
        "content_type": 16,
        "object_id": "5",
        "object_repr": "23C102D7A6684515B95D613D69F6F50E",
        "action_flag": 2,
        "change_message": "[{\"deleted\": {\"name\": \"order line item\", \"object\": \"Product 8f9c98da-6708-49fa-be5d-7ec6697f2d35 on order 23C102D7A6684515B95D613D69F6F50E\"}}]"
    }
},
{
    "model": "admin.logentry",
    "pk": 36,
    "fields": {
        "action_time": "2024-11-18T15:01:35.144Z",
        "user": 1,
        "content_type": 16,
        "object_id": "30",
        "object_repr": "8E5A4ADD5ACE48469EBE614A5BB4D2C5",
        "action_flag": 2,
        "change_message": "[{\"changed\": {\"name\": \"order line item\", \"object\": \"Product 77fed194-210d-4617-9a1c-aeff6e2b089d on order 8E5A4ADD5ACE48469EBE614A5BB4D2C5\", \"fields\": [\"Quantity\"]}}, {\"deleted\": {\"name\": \"order line item\", \"object\": \"Product 604696fd-75d7-49d5-8248-da09a0255946 on order 8E5A4ADD5ACE48469EBE614A5BB4D2C5\"}}]"
    }
},
{
    "model": "admin.logentry",
    "pk": 37,
    "fields": {
        "action_time": "2024-11-18T15:01:56.433Z",
        "user": 1,
        "content_type": 16,
        "object_id": "30",
        "object_repr": "8E5A4ADD5ACE48469EBE614A5BB4D2C5",
        "action_flag": 3,
        "change_message": ""
    }
},
{
    "model": "admin.logentry",
    "pk": 38,
    "fields": {
        "action_time": "2024-11-19T12:46:10.241Z",
        "user": 1,
        "content_type": 18,
        "object_id": "7",
        "object_repr": "Falling Leaves Half Wig, admin",
        "action_flag": 2,
        "change_message": "[]"
    }
},
{
    "model": "admin.logentry",
    "pk": 39,
    "fields": {
        "action_time": "2024-11-25T10:04:14.335Z",
        "user": 1,
        "content_type": 21,
        "object_id": "1",
        "object_repr": "HW55",
        "action_flag": 1,
        "change_message": "[{\"added\": {}}]"
    }
},
{
    "model": "admin.logentry",
    "pk": 40,
    "fields": {
        "action_time": "2024-11-25T10:42:44.019Z",
        "user": 1,
        "content_type": 13,
        "object_id": "ee266378-4b5f-4092-987c-b95272b6026d",
        "object_repr": "Bronze Ballade 3 in 1 Half Wig",
        "action_flag": 2,
        "change_message": "[{\"changed\": {\"fields\": [\"Stock amount\", \"Discount\", \"On sale\", \"Sale price\"]}}]"
    }
},
{
    "model": "admin.logentry",
    "pk": 41,
    "fields": {
        "action_time": "2024-11-25T10:43:17.914Z",
        "user": 1,
        "content_type": 13,
        "object_id": "d662751a-d96e-4068-b27f-69f04c6aa432",
        "object_repr": "Falling Leaves Full Wig",
        "action_flag": 2,
        "change_message": "[{\"changed\": {\"fields\": [\"Stock amount\", \"Discount\"]}}]"
    }
},
{
    "model": "admin.logentry",
    "pk": 42,
    "fields": {
        "action_time": "2024-11-25T10:44:26.716Z",
        "user": 1,
        "content_type": 13,
        "object_id": "77fed194-210d-4617-9a1c-aeff6e2b089d",
        "object_repr": "Falling Leaves Half Wig",
        "action_flag": 2,
        "change_message": "[{\"changed\": {\"fields\": [\"Stock amount\", \"On sale\", \"Sale price\"]}}]"
    }
},
{
    "model": "admin.logentry",
    "pk": 43,
    "fields": {
        "action_time": "2024-12-05T17:11:55.952Z",
        "user": 1,
        "content_type": 25,
        "object_id": "1",
        "object_repr": "Falling out hair, how to combate that problem.",
        "action_flag": 2,
        "change_message": "[{\"changed\": {\"fields\": [\"Status\"]}}]"
    }
},
{
    "model": "auth.permission",
    "pk": 1,
    "fields": {
        "name": "Can add log entry",
        "content_type": 1,
        "codename": "add_logentry"
    }
},
{
    "model": "auth.permission",
    "pk": 2,
    "fields": {
        "name": "Can change log entry",
        "content_type": 1,
        "codename": "change_logentry"
    }
},
{
    "model": "auth.permission",
    "pk": 3,
    "fields": {
        "name": "Can delete log entry",
        "content_type": 1,
        "codename": "delete_logentry"
    }
},
{
    "model": "auth.permission",
    "pk": 4,
    "fields": {
        "name": "Can view log entry",
        "content_type": 1,
        "codename": "view_logentry"
    }
},
{
    "model": "auth.permission",
    "pk": 5,
    "fields": {
        "name": "Can add permission",
        "content_type": 2,
        "codename": "add_permission"
    }
},
{
    "model": "auth.permission",
    "pk": 6,
    "fields": {
        "name": "Can change permission",
        "content_type": 2,
        "codename": "change_permission"
    }
},
{
    "model": "auth.permission",
    "pk": 7,
    "fields": {
        "name": "Can delete permission",
        "content_type": 2,
        "codename": "delete_permission"
    }
},
{
    "model": "auth.permission",
    "pk": 8,
    "fields": {
        "name": "Can view permission",
        "content_type": 2,
        "codename": "view_permission"
    }
},
{
    "model": "auth.permission",
    "pk": 9,
    "fields": {
        "name": "Can add group",
        "content_type": 3,
        "codename": "add_group"
    }
},
{
    "model": "auth.permission",
    "pk": 10,
    "fields": {
        "name": "Can change group",
        "content_type": 3,
        "codename": "change_group"
    }
},
{
    "model": "auth.permission",
    "pk": 11,
    "fields": {
        "name": "Can delete group",
        "content_type": 3,
        "codename": "delete_group"
    }
},
{
    "model": "auth.permission",
    "pk": 12,
    "fields": {
        "name": "Can view group",
        "content_type": 3,
        "codename": "view_group"
    }
},
{
    "model": "auth.permission",
    "pk": 13,
    "fields": {
        "name": "Can add user",
        "content_type": 4,
        "codename": "add_user"
    }
},
{
    "model": "auth.permission",
    "pk": 14,
    "fields": {
        "name": "Can change user",
        "content_type": 4,
        "codename": "change_user"
    }
},
{
    "model": "auth.permission",
    "pk": 15,
    "fields": {
        "name": "Can delete user",
        "content_type": 4,
        "codename": "delete_user"
    }
},
{
    "model": "auth.permission",
    "pk": 16,
    "fields": {
        "name": "Can view user",
        "content_type": 4,
        "codename": "view_user"
    }
},
{
    "model": "auth.permission",
    "pk": 17,
    "fields": {
        "name": "Can add content type",
        "content_type": 5,
        "codename": "add_contenttype"
    }
},
{
    "model": "auth.permission",
    "pk": 18,
    "fields": {
        "name": "Can change content type",
        "content_type": 5,
        "codename": "change_contenttype"
    }
},
{
    "model": "auth.permission",
    "pk": 19,
    "fields": {
        "name": "Can delete content type",
        "content_type": 5,
        "codename": "delete_contenttype"
    }
},
{
    "model": "auth.permission",
    "pk": 20,
    "fields": {
        "name": "Can view content type",
        "content_type": 5,
        "codename": "view_contenttype"
    }
},
{
    "model": "auth.permission",
    "pk": 21,
    "fields": {
        "name": "Can add session",
        "content_type": 6,
        "codename": "add_session"
    }
},
{
    "model": "auth.permission",
    "pk": 22,
    "fields": {
        "name": "Can change session",
        "content_type": 6,
        "codename": "change_session"
    }
},
{
    "model": "auth.permission",
    "pk": 23,
    "fields": {
        "name": "Can delete session",
        "content_type": 6,
        "codename": "delete_session"
    }
},
{
    "model": "auth.permission",
    "pk": 24,
    "fields": {
        "name": "Can view session",
        "content_type": 6,
        "codename": "view_session"
    }
},
{
    "model": "auth.permission",
    "pk": 25,
    "fields": {
        "name": "Can add site",
        "content_type": 7,
        "codename": "add_site"
    }
},
{
    "model": "auth.permission",
    "pk": 26,
    "fields": {
        "name": "Can change site",
        "content_type": 7,
        "codename": "change_site"
    }
},
{
    "model": "auth.permission",
    "pk": 27,
    "fields": {
        "name": "Can delete site",
        "content_type": 7,
        "codename": "delete_site"
    }
},
{
    "model": "auth.permission",
    "pk": 28,
    "fields": {
        "name": "Can view site",
        "content_type": 7,
        "codename": "view_site"
    }
},
{
    "model": "auth.permission",
    "pk": 29,
    "fields": {
        "name": "Can add email address",
        "content_type": 8,
        "codename": "add_emailaddress"
    }
},
{
    "model": "auth.permission",
    "pk": 30,
    "fields": {
        "name": "Can change email address",
        "content_type": 8,
        "codename": "change_emailaddress"
    }
},
{
    "model": "auth.permission",
    "pk": 31,
    "fields": {
        "name": "Can delete email address",
        "content_type": 8,
        "codename": "delete_emailaddress"
    }
},
{
    "model": "auth.permission",
    "pk": 32,
    "fields": {
        "name": "Can view email address",
        "content_type": 8,
        "codename": "view_emailaddress"
    }
},
{
    "model": "auth.permission",
    "pk": 33,
    "fields": {
        "name": "Can add email confirmation",
        "content_type": 9,
        "codename": "add_emailconfirmation"
    }
},
{
    "model": "auth.permission",
    "pk": 34,
    "fields": {
        "name": "Can change email confirmation",
        "content_type": 9,
        "codename": "change_emailconfirmation"
    }
},
{
    "model": "auth.permission",
    "pk": 35,
    "fields": {
        "name": "Can delete email confirmation",
        "content_type": 9,
        "codename": "delete_emailconfirmation"
    }
},
{
    "model": "auth.permission",
    "pk": 36,
    "fields": {
        "name": "Can view email confirmation",
        "content_type": 9,
        "codename": "view_emailconfirmation"
    }
},
{
    "model": "auth.permission",
    "pk": 37,
    "fields": {
        "name": "Can add social account",
        "content_type": 10,
        "codename": "add_socialaccount"
    }
},
{
    "model": "auth.permission",
    "pk": 38,
    "fields": {
        "name": "Can change social account",
        "content_type": 10,
        "codename": "change_socialaccount"
    }
},
{
    "model": "auth.permission",
    "pk": 39,
    "fields": {
        "name": "Can delete social account",
        "content_type": 10,
        "codename": "delete_socialaccount"
    }
},
{
    "model": "auth.permission",
    "pk": 40,
    "fields": {
        "name": "Can view social account",
        "content_type": 10,
        "codename": "view_socialaccount"
    }
},
{
    "model": "auth.permission",
    "pk": 41,
    "fields": {
        "name": "Can add social application",
        "content_type": 11,
        "codename": "add_socialapp"
    }
},
{
    "model": "auth.permission",
    "pk": 42,
    "fields": {
        "name": "Can change social application",
        "content_type": 11,
        "codename": "change_socialapp"
    }
},
{
    "model": "auth.permission",
    "pk": 43,
    "fields": {
        "name": "Can delete social application",
        "content_type": 11,
        "codename": "delete_socialapp"
    }
},
{
    "model": "auth.permission",
    "pk": 44,
    "fields": {
        "name": "Can view social application",
        "content_type": 11,
        "codename": "view_socialapp"
    }
},
{
    "model": "auth.permission",
    "pk": 45,
    "fields": {
        "name": "Can add social application token",
        "content_type": 12,
        "codename": "add_socialtoken"
    }
},
{
    "model": "auth.permission",
    "pk": 46,
    "fields": {
        "name": "Can change social application token",
        "content_type": 12,
        "codename": "change_socialtoken"
    }
},
{
    "model": "auth.permission",
    "pk": 47,
    "fields": {
        "name": "Can delete social application token",
        "content_type": 12,
        "codename": "delete_socialtoken"
    }
},
{
    "model": "auth.permission",
    "pk": 48,
    "fields": {
        "name": "Can view social application token",
        "content_type": 12,
        "codename": "view_socialtoken"
    }
},
{
    "model": "auth.permission",
    "pk": 49,
    "fields": {
        "name": "Can add product",
        "content_type": 13,
        "codename": "add_product"
    }
},
{
    "model": "auth.permission",
    "pk": 50,
    "fields": {
        "name": "Can change product",
        "content_type": 13,
        "codename": "change_product"
    }
},
{
    "model": "auth.permission",
    "pk": 51,
    "fields": {
        "name": "Can delete product",
        "content_type": 13,
        "codename": "delete_product"
    }
},
{
    "model": "auth.permission",
    "pk": 52,
    "fields": {
        "name": "Can view product",
        "content_type": 13,
        "codename": "view_product"
    }
},
{
    "model": "auth.permission",
    "pk": 53,
    "fields": {
        "name": "Can add category",
        "content_type": 14,
        "codename": "add_category"
    }
},
{
    "model": "auth.permission",
    "pk": 54,
    "fields": {
        "name": "Can change category",
        "content_type": 14,
        "codename": "change_category"
    }
},
{
    "model": "auth.permission",
    "pk": 55,
    "fields": {
        "name": "Can delete category",
        "content_type": 14,
        "codename": "delete_category"
    }
},
{
    "model": "auth.permission",
    "pk": 56,
    "fields": {
        "name": "Can view category",
        "content_type": 14,
        "codename": "view_category"
    }
},
{
    "model": "auth.permission",
    "pk": 57,
    "fields": {
        "name": "Can add order line item",
        "content_type": 15,
        "codename": "add_orderlineitem"
    }
},
{
    "model": "auth.permission",
    "pk": 58,
    "fields": {
        "name": "Can change order line item",
        "content_type": 15,
        "codename": "change_orderlineitem"
    }
},
{
    "model": "auth.permission",
    "pk": 59,
    "fields": {
        "name": "Can delete order line item",
        "content_type": 15,
        "codename": "delete_orderlineitem"
    }
},
{
    "model": "auth.permission",
    "pk": 60,
    "fields": {
        "name": "Can view order line item",
        "content_type": 15,
        "codename": "view_orderlineitem"
    }
},
{
    "model": "auth.permission",
    "pk": 61,
    "fields": {
        "name": "Can add order",
        "content_type": 16,
        "codename": "add_order"
    }
},
{
    "model": "auth.permission",
    "pk": 62,
    "fields": {
        "name": "Can change order",
        "content_type": 16,
        "codename": "change_order"
    }
},
{
    "model": "auth.permission",
    "pk": 63,
    "fields": {
        "name": "Can delete order",
        "content_type": 16,
        "codename": "delete_order"
    }
},
{
    "model": "auth.permission",
    "pk": 64,
    "fields": {
        "name": "Can view order",
        "content_type": 16,
        "codename": "view_order"
    }
},
{
    "model": "auth.permission",
    "pk": 65,
    "fields": {
        "name": "Can add user profile",
        "content_type": 17,
        "codename": "add_userprofile"
    }
},
{
    "model": "auth.permission",
    "pk": 66,
    "fields": {
        "name": "Can change user profile",
        "content_type": 17,
        "codename": "change_userprofile"
    }
},
{
    "model": "auth.permission",
    "pk": 67,
    "fields": {
        "name": "Can delete user profile",
        "content_type": 17,
        "codename": "delete_userprofile"
    }
},
{
    "model": "auth.permission",
    "pk": 68,
    "fields": {
        "name": "Can view user profile",
        "content_type": 17,
        "codename": "view_userprofile"
    }
},
{
    "model": "auth.permission",
    "pk": 69,
    "fields": {
        "name": "Can add product review",
        "content_type": 18,
        "codename": "add_productreview"
    }
},
{
    "model": "auth.permission",
    "pk": 70,
    "fields": {
        "name": "Can change product review",
        "content_type": 18,
        "codename": "change_productreview"
    }
},
{
    "model": "auth.permission",
    "pk": 71,
    "fields": {
        "name": "Can delete product review",
        "content_type": 18,
        "codename": "delete_productreview"
    }
},
{
    "model": "auth.permission",
    "pk": 72,
    "fields": {
        "name": "Can view product review",
        "content_type": 18,
        "codename": "view_productreview"
    }
},
{
    "model": "auth.permission",
    "pk": 73,
    "fields": {
        "name": "Can add review",
        "content_type": 19,
        "codename": "add_review"
    }
},
{
    "model": "auth.permission",
    "pk": 74,
    "fields": {
        "name": "Can change review",
        "content_type": 19,
        "codename": "change_review"
    }
},
{
    "model": "auth.permission",
    "pk": 75,
    "fields": {
        "name": "Can delete review",
        "content_type": 19,
        "codename": "delete_review"
    }
},
{
    "model": "auth.permission",
    "pk": 76,
    "fields": {
        "name": "Can view review",
        "content_type": 19,
        "codename": "view_review"
    }
},
{
    "model": "auth.permission",
    "pk": 77,
    "fields": {
        "name": "Can add wishlist",
        "content_type": 20,
        "codename": "add_wishlist"
    }
},
{
    "model": "auth.permission",
    "pk": 78,
    "fields": {
        "name": "Can change wishlist",
        "content_type": 20,
        "codename": "change_wishlist"
    }
},
{
    "model": "auth.permission",
    "pk": 79,
    "fields": {
        "name": "Can delete wishlist",
        "content_type": 20,
        "codename": "delete_wishlist"
    }
},
{
    "model": "auth.permission",
    "pk": 80,
    "fields": {
        "name": "Can view wishlist",
        "content_type": 20,
        "codename": "view_wishlist"
    }
},
{
    "model": "auth.permission",
    "pk": 81,
    "fields": {
        "name": "Can add discount",
        "content_type": 21,
        "codename": "add_discount"
    }
},
{
    "model": "auth.permission",
    "pk": 82,
    "fields": {
        "name": "Can change discount",
        "content_type": 21,
        "codename": "change_discount"
    }
},
{
    "model": "auth.permission",
    "pk": 83,
    "fields": {
        "name": "Can delete discount",
        "content_type": 21,
        "codename": "delete_discount"
    }
},
{
    "model": "auth.permission",
    "pk": 84,
    "fields": {
        "name": "Can view discount",
        "content_type": 21,
        "codename": "view_discount"
    }
},
{
    "model": "auth.permission",
    "pk": 85,
    "fields": {
        "name": "Can add attachment",
        "content_type": 22,
        "codename": "add_attachment"
    }
},
{
    "model": "auth.permission",
    "pk": 86,
    "fields": {
        "name": "Can change attachment",
        "content_type": 22,
        "codename": "change_attachment"
    }
},
{
    "model": "auth.permission",
    "pk": 87,
    "fields": {
        "name": "Can delete attachment",
        "content_type": 22,
        "codename": "delete_attachment"
    }
},
{
    "model": "auth.permission",
    "pk": 88,
    "fields": {
        "name": "Can view attachment",
        "content_type": 22,
        "codename": "view_attachment"
    }
},
{
    "model": "auth.permission",
    "pk": 89,
    "fields": {
        "name": "Can add product size",
        "content_type": 23,
        "codename": "add_productsize"
    }
},
{
    "model": "auth.permission",
    "pk": 90,
    "fields": {
        "name": "Can change product size",
        "content_type": 23,
        "codename": "change_productsize"
    }
},
{
    "model": "auth.permission",
    "pk": 91,
    "fields": {
        "name": "Can delete product size",
        "content_type": 23,
        "codename": "delete_productsize"
    }
},
{
    "model": "auth.permission",
    "pk": 92,
    "fields": {
        "name": "Can view product size",
        "content_type": 23,
        "codename": "view_productsize"
    }
},
{
    "model": "auth.permission",
    "pk": 93,
    "fields": {
        "name": "Can add special category",
        "content_type": 24,
        "codename": "add_specialcategory"
    }
},
{
    "model": "auth.permission",
    "pk": 94,
    "fields": {
        "name": "Can change special category",
        "content_type": 24,
        "codename": "change_specialcategory"
    }
},
{
    "model": "auth.permission",
    "pk": 95,
    "fields": {
        "name": "Can delete special category",
        "content_type": 24,
        "codename": "delete_specialcategory"
    }
},
{
    "model": "auth.permission",
    "pk": 96,
    "fields": {
        "name": "Can view special category",
        "content_type": 24,
        "codename": "view_specialcategory"
    }
},
{
    "model": "auth.permission",
    "pk": 97,
    "fields": {
        "name": "Can add primary category",
        "content_type": 14,
        "codename": "add_primarycategory"
    }
},
{
    "model": "auth.permission",
    "pk": 98,
    "fields": {
        "name": "Can change primary category",
        "content_type": 14,
        "codename": "change_primarycategory"
    }
},
{
    "model": "auth.permission",
    "pk": 99,
    "fields": {
        "name": "Can delete primary category",
        "content_type": 14,
        "codename": "delete_primarycategory"
    }
},
{
    "model": "auth.permission",
    "pk": 100,
    "fields": {
        "name": "Can view primary category",
        "content_type": 14,
        "codename": "view_primarycategory"
    }
},
{
    "model": "auth.permission",
    "pk": 101,
    "fields": {
        "name": "Can add post",
        "content_type": 25,
        "codename": "add_post"
    }
},
{
    "model": "auth.permission",
    "pk": 102,
    "fields": {
        "name": "Can change post",
        "content_type": 25,
        "codename": "change_post"
    }
},
{
    "model": "auth.permission",
    "pk": 103,
    "fields": {
        "name": "Can delete post",
        "content_type": 25,
        "codename": "delete_post"
    }
},
{
    "model": "auth.permission",
    "pk": 104,
    "fields": {
        "name": "Can view post",
        "content_type": 25,
        "codename": "view_post"
    }
},
{
    "model": "auth.permission",
    "pk": 105,
    "fields": {
        "name": "Can add comment",
        "content_type": 26,
        "codename": "add_comment"
    }
},
{
    "model": "auth.permission",
    "pk": 106,
    "fields": {
        "name": "Can change comment",
        "content_type": 26,
        "codename": "change_comment"
    }
},
{
    "model": "auth.permission",
    "pk": 107,
    "fields": {
        "name": "Can delete comment",
        "content_type": 26,
        "codename": "delete_comment"
    }
},
{
    "model": "auth.permission",
    "pk": 108,
    "fields": {
        "name": "Can view comment",
        "content_type": 26,
        "codename": "view_comment"
    }
},
{
    "model": "auth.user",
    "pk": 1,
    "fields": {
        "password": "pbkdf2_sha256$870000$ZpTAkHmxGmoF2rp1tgYXah$l3BB7nANtyFHkvZYoQxDBtTchI7ZR4eyEuHktr11apk=",
        "last_login": "2024-12-05T19:15:03.851Z",
        "is_superuser": true,
        "username": "admin",
        "first_name": "",
        "last_name": "",
        "email": "support@hairhotty.com",
        "is_staff": true,
        "is_active": true,
        "date_joined": "2024-10-30T19:45:38Z",
        "groups": [],
        "user_permissions": []
    }
},
{
    "model": "auth.user",
    "pk": 2,
    "fields": {
        "password": "pbkdf2_sha256$870000$axtl06mWaM9hXkrr0dhH6h$Y2IIxZyNdhyvnN9968GipYNY63Zncp4q9kSECZfDNy0=",
        "last_login": null,
        "is_superuser": false,
        "username": "angela",
        "first_name": "",
        "last_name": "",
        "email": "angela.anjorin@gmail.com",
        "is_staff": false,
        "is_active": true,
        "date_joined": "2024-10-30T21:17:00.011Z",
        "groups": [],
        "user_permissions": []
    }
},
{
    "model": "auth.user",
    "pk": 3,
    "fields": {
        "password": "pbkdf2_sha256$870000$M57qcEvYqItnGdmoGSEXcM$O5M73uEMEe5Yh2PN41KpNXVGilvABjHcgpo8CcEAVzQ=",
        "last_login": "2024-10-30T21:20:54.505Z",
        "is_superuser": false,
        "username": "info@anjorinllc.com",
        "first_name": "",
        "last_name": "",
        "email": "info@anjorinllc.com",
        "is_staff": false,
        "is_active": true,
        "date_joined": "2024-10-30T21:20:54.236Z",
        "groups": [],
        "user_permissions": []
    }
},
{
    "model": "auth.user",
    "pk": 4,
    "fields": {
        "password": "pbkdf2_sha256$870000$HDHCf59kTUoj3Ne7wiOww7$T2LCjIg0oNjuxuHU1Fios07o9VTQUFbt+1ClKsQE3cE=",
        "last_login": "2024-12-05T17:13:45.063Z",
        "is_superuser": false,
        "username": "lulu",
        "first_name": "",
        "last_name": "",
        "email": "lulu@gmail.com",
        "is_staff": false,
        "is_active": true,
        "date_joined": "2024-10-30T21:25:51.491Z",
        "groups": [],
        "user_permissions": []
    }
},
{
    "model": "auth.user",
    "pk": 5,
    "fields": {
        "password": "pbkdf2_sha256$870000$jX2yrH52p8BE52cKHMunPi$s0bjxh+KEhQd2iwAc3xoj724z/y8TXftZ/vFhAFhG98=",
        "last_login": null,
        "is_superuser": false,
        "username": "kiki",
        "first_name": "",
        "last_name": "",
        "email": "kiki@gmail.com",
        "is_staff": false,
        "is_active": true,
        "date_joined": "2024-10-30T21:34:12.506Z",
        "groups": [],
        "user_permissions": []
    }
},
{
    "model": "auth.user",
    "pk": 6,
    "fields": {
        "password": "pbkdf2_sha256$870000$EZjZ8zW3fbnHFdhCm4DdsK$lDngTGjcDFFMj3nHxHm+Rdm6iSFsL5geh0RgrcQ/Xks=",
        "last_login": "2024-11-12T12:07:18.545Z",
        "is_superuser": false,
        "username": "tanjakuppel",
        "first_name": "",
        "last_name": "",
        "email": "tanja@kuppel.com",
        "is_staff": false,
        "is_active": true,
        "date_joined": "2024-11-12T11:59:23.619Z",
        "groups": [],
        "user_permissions": []
    }
},
{
    "model": "contenttypes.contenttype",
    "pk": 1,
    "fields": {
        "app_label": "admin",
        "model": "logentry"
    }
},
{
    "model": "contenttypes.contenttype",
    "pk": 2,
    "fields": {
        "app_label": "auth",
        "model": "permission"
    }
},
{
    "model": "contenttypes.contenttype",
    "pk": 3,
    "fields": {
        "app_label": "auth",
        "model": "group"
    }
},
{
    "model": "contenttypes.contenttype",
    "pk": 4,
    "fields": {
        "app_label": "auth",
        "model": "user"
    }
},
{
    "model": "contenttypes.contenttype",
    "pk": 5,
    "fields": {
        "app_label": "contenttypes",
        "model": "contenttype"
    }
},
{
    "model": "contenttypes.contenttype",
    "pk": 6,
    "fields": {
        "app_label": "sessions",
        "model": "session"
    }
},
{
    "model": "contenttypes.contenttype",
    "pk": 7,
    "fields": {
        "app_label": "sites",
        "model": "site"
    }
},
{
    "model": "contenttypes.contenttype",
    "pk": 8,
    "fields": {
        "app_label": "account",
        "model": "emailaddress"
    }
},
{
    "model": "contenttypes.contenttype",
    "pk": 9,
    "fields": {
        "app_label": "account",
        "model": "emailconfirmation"
    }
},
{
    "model": "contenttypes.contenttype",
    "pk": 10,
    "fields": {
        "app_label": "socialaccount",
        "model": "socialaccount"
    }
},
{
    "model": "contenttypes.contenttype",
    "pk": 11,
    "fields": {
        "app_label": "socialaccount",
        "model": "socialapp"
    }
},
{
    "model": "contenttypes.contenttype",
    "pk": 12,
    "fields": {
        "app_label": "socialaccount",
        "model": "socialtoken"
    }
},
{
    "model": "contenttypes.contenttype",
    "pk": 13,
    "fields": {
        "app_label": "products",
        "model": "product"
    }
},
{
    "model": "contenttypes.contenttype",
    "pk": 14,
    "fields": {
        "app_label": "products",
        "model": "primarycategory"
    }
},
{
    "model": "contenttypes.contenttype",
    "pk": 15,
    "fields": {
        "app_label": "checkout",
        "model": "orderlineitem"
    }
},
{
    "model": "contenttypes.contenttype",
    "pk": 16,
    "fields": {
        "app_label": "checkout",
        "model": "order"
    }
},
{
    "model": "contenttypes.contenttype",
    "pk": 17,
    "fields": {
        "app_label": "profiles",
        "model": "userprofile"
    }
},
{
    "model": "contenttypes.contenttype",
    "pk": 18,
    "fields": {
        "app_label": "reviews",
        "model": "productreview"
    }
},
{
    "model": "contenttypes.contenttype",
    "pk": 19,
    "fields": {
        "app_label": "reviews",
        "model": "review"
    }
},
{
    "model": "contenttypes.contenttype",
    "pk": 20,
    "fields": {
        "app_label": "profiles",
        "model": "wishlist"
    }
},
{
    "model": "contenttypes.contenttype",
    "pk": 21,
    "fields": {
        "app_label": "discount",
        "model": "discount"
    }
},
{
    "model": "contenttypes.contenttype",
    "pk": 22,
    "fields": {
        "app_label": "django_summernote",
        "model": "attachment"
    }
},
{
    "model": "contenttypes.contenttype",
    "pk": 23,
    "fields": {
        "app_label": "products",
        "model": "productsize"
    }
},
{
    "model": "contenttypes.contenttype",
    "pk": 24,
    "fields": {
        "app_label": "products",
        "model": "specialcategory"
    }
},
{
    "model": "contenttypes.contenttype",
    "pk": 25,
    "fields": {
        "app_label": "blog",
        "model": "post"
    }
},
{
    "model": "contenttypes.contenttype",
    "pk": 26,
    "fields": {
        "app_label": "blog",
        "model": "comment"
    }
},
{
    "model": "sessions.session",
    "pk": "1l2szzbqi9n4eqpxawcvrqucz9hpdth5",
    "fields": {
        "session_data": ".eJxVUMtuhSAQ_ZdZGwMCAq56-xtNY3hZSFWMYNob478Xb924mGQy5zFnZgetvqDbjwqUMXGbc6-27N2cg1E5xLmfXPbRJug-dvjvoYNFpfQTVwtFlqHDnBCKCReyJhyzpmUVuEmFsVDTtixxzW9ehdXHnJ-1iRMcnxW8NvVbcmsfTlMMt5lW5tvNJ6DG8RzXV8L6xbngVD9ued8v1c3Kq-SLj8TcCstKUasNb5ESLR4abiVjVGpMCBFSM1wYkjlEnZGDoEgbZq0ZWnGaJpfS-Rb3u4T1WU5vkGwROv4Atnttyw:1tJEcz:SGT_7O3RBYGhXHYSOIlmkJzIgYVUeMzNx_Q82MJ79Pg",
        "expire_date": "2024-12-19T16:22:57.521Z"
    }
},
{
    "model": "sessions.session",
    "pk": "1u1cd8gy59imfh4zzfza3nno834z8e2g",
    "fields": {
        "session_data": ".eJx1kdlOxDAMRf_Fz9WoCzNdnvgPhCKTeNpo0qTKwlBV_XfcTgEhxFNs3WPda2cBlNIlGwWmOJCNWmLUzoqR4uBUgO5lgUcNHUwYwt15BRlghK6oq7wuz03enKq2rNvinAGNqA2jJpn03G_NSboR1tfs28m4XlvoFkiBvJhuTD_BMSneyevrEYKFEa3C6PzMQNC9TRN0VzSBMvCktCcZRfJsaJMx_7o_ZtGI2x19H77oEDHSFoSLnsJW7dnE2yykU7vE7sjvmsHAUQzxGaJPxP2edBaH5Q_Jkkze8y05yC9ok7TVUbOtEn8veGmaihERKITtD-hj0rx5V5R5e8nz9ROvHpMk:1t7wqO:ftMFjH59U0C4YHmsEVrBBKM3OHQd0Gj0eiRwcmIIX9U",
        "expire_date": "2024-11-18T13:10:08.403Z"
    }
},
{
    "model": "sessions.session",
    "pk": "3xr6ilb5opdcar2jlkher6f5cxwy26ue",
    "fields": {
        "session_data": ".eJxVjDEOwyAQBP9ydYRMDAZcps8bEHBHcBKBZEyaKH8Plty42GZndr9Q3YfskmOBeVsbXcC6tiXbKq12QZiBw6nzLrwo7wCfLj8KCyVv6-LZrrCDVnYvSO_b4Z4Okquprw1XqFH2CPRBTYPTE49XhUZKYTwfx1EbL3k3jKRBUDBRi8EHiRjipOH3ByubPe0:1tBYaf:4JaUtgk2kJT2fN3pVOcrsI9ITioitBl5DWIZ_HrNsKA",
        "expire_date": "2024-11-28T12:04:49.323Z"
    }
},
{
    "model": "sessions.session",
    "pk": "5s1lc9eokmkkdh47xx4w6h3d1srbj4l7",
    "fields": {
        "session_data": "e30:1tCiGJ:x72r9wx4YVLiRFxFzoL39dDvN-gTEXJnEaWw1iHHmLw",
        "expire_date": "2024-12-01T16:36:35.464Z"
    }
},
{
    "model": "sessions.session",
    "pk": "6999zpbv3u6cnnu76htvldndb3h3hbeu",
    "fields": {
        "session_data": "eyJzYXZlX2luZm8iOmZhbHNlfQ:1tCNEf:-Oz0KIZoqPEj-yhAa1j8vyFU-aE8rOlEnD59GcOvPuE",
        "expire_date": "2024-11-30T18:09:29.549Z"
    }
},
{
    "model": "sessions.session",
    "pk": "8c00dnpkzoq3dg4fysxzdf3xj6ezd2yq",
    "fields": {
        "session_data": "eyJzYXZlX2luZm8iOmZhbHNlfQ:1tBuRB:5Nc2cECRlHzgeorfQEEATKHGb83fYu2Mi9V3fJ-ufz4",
        "expire_date": "2024-11-29T11:24:29.924Z"
    }
},
{
    "model": "sessions.session",
    "pk": "8d284tqw8es3gowx4y8r55qgn3wgm24p",
    "fields": {
        "session_data": ".eJyFkM9uhCAQxt-FsyEooLCnbl-jacwIWEhVjIPZbjb77oXWi6c9TDKZ75vf_HkQMCbuS-phT94tKRhIIS797JKPFsnl40H-c3IhKyDe4mZJRSCRS93xhivGtaRaKiFURdwMYcpO3Nc1bunNQ9h8TOlOTZzJs3oJE01HGyZ424iXtM-K9OgQy77uZw3bPWMaplvGslIO6nd0Wx_KuJqcagOYb7cUAaaplOnxCPrnOWSk19Nb3o-uE8oD-szRdWeVlTmEHUzXMlBtPTad1VIKPdScc6UHWWeHlo4JZ_SoBBuMtNaMrcpQ9PGWR3_1uM8zlHNGmNA9fwFE0ozM:1tEv87:yVC0ZfrSvTDSCQcft8mQ0iXhcEPI8eLd2qQQPBTXNKo",
        "expire_date": "2024-12-07T18:45:15.368Z"
    }
},
{
    "model": "sessions.session",
    "pk": "9lgr3ltpn64pw08mfqlabigi6wmrwe2n",
    "fields": {
        "session_data": ".eJx10TtuAzEMBNC7qDYBkZL48WUCSaQCF66cJjH27lmlSLctMXgYDN9p9M90fyeRFY5WgTA7VEYB6zihx1ocNLKa79zjK56vj_H98Xr8xD48073d0ivd8ThuyZUJZTFUcoGKuGCUscAndxMLnSWuGNlABDEXUaijLajZCExlwrBGQoMz8WWPuoFSpSArAbPbWaMN0FYReOUSmYtzuwRoA7psmnoHlnzWsNVhRHOQmMwmi7y0KwB5C9KRc2EHXIFQBfMpTIE-lDJioJJdCn8rlFG1NQooQROqRj0H2AxPtDw9Z7sU_r9xHL_r0YqV:1t9MF1:ulwNhGN71rs86L1sEQTOfhPrzcJea_U7PIqHnpskGg0",
        "expire_date": "2024-11-22T10:29:23.781Z"
    }
},
{
    "model": "sessions.session",
    "pk": "ad3guhwsfmussofxtz5ynkmyk3umaonx",
    "fields": {
        "session_data": "e30:1tCiFn:764Yv6PHdSTE_a2EMTvd9JOMFpCgXPXFR2z1L-g1_4E",
        "expire_date": "2024-12-01T16:36:03.896Z"
    }
},
{
    "model": "sessions.session",
    "pk": "e870qaoghphxan0we88lqw090018gjsk",
    "fields": {
        "session_data": ".eJx10D0OwzAIBeC7eC4S-AfsXKbCBlcdOqVLW-XujQ8QRvT08cQvdH2E7RdEphu1DJHQIDMJNKUB6nOyx4612co93_7a7_1z359fX4tX2OQ4bkGUGBMb0HSCLITQfQhorxGJnGpsV0BcAGPmxtNAignkZgVqzBVMsSnGUlrmK6AswCpHksmQ4wKIJvTUJ9hgbdK8juSXDegW9rDRcsZQQxSBquc_MiLDeb_CLO5eJZmmdOWkdJzzBxviY-8:1t9C6I:pPZNIgV7M6oQWAOSBh_Kp0zsJ55Vt9ne4yH-f6q7bww",
        "expire_date": "2024-11-21T23:39:42.170Z"
    }
},
{
    "model": "sessions.session",
    "pk": "erna08rlbckzagxvy3ebj9a0ecph6uka",
    "fields": {
        "session_data": ".eJxVjMEOgyAQRP9lzw2RCgIee-83kF0WxbaBRPRk_Pdq4sXDXOa9mQ0IR-i3_QEe1yX5tcbZTww9SLh1hOEb8wn4g3ksIpS8zBOJUxEXreJdOP5el3s7SFjTsXbSsGV9RDEF0zVoOzk8DTutlSPZtq11pOVhOB0bFYMbrGooaOYwdBb2P8ToOpU:1tJHJn:Rbo8qCK1BeFWN_ekUbRM3YtFrkKCFef_u_ARP-H54Vg",
        "expire_date": "2024-12-19T19:15:19.357Z"
    }
},
{
    "model": "sessions.session",
    "pk": "ipq7gx7okxkjglsroslu4qqiiqptxpzy",
    "fields": {
        "session_data": ".eJxVjMEOgyAQRP9lzw2RCgIee-83kF0WxbaBRPRk_Pdq4sXDXOa9mQ0IR-i3_QEe1yX5tcbZTww9SLh1hOEb8wn4g3ksIpS8zBOJUxEXreJdOP5el3s7SFjTsXbSsGV9RDEF0zVoOzk8DTutlSPZtq11pOVhOB0bFYMbrGooaOYwdBb2P8ToOpU:1tJBzP:Q7e5_U0_cC-h9HY9rJnSWlxKXYXqU65T0LgtWSQDF3Q",
        "expire_date": "2024-12-19T13:33:55.619Z"
    }
},
{
    "model": "sessions.session",
    "pk": "kdz4hup4zavk8x6a3ax6jgydwbedn0ye",
    "fields": {
        "session_data": ".eJydUstuwyAQ_Jc9W5Zt8PPU_6gqRIE6KBgsHk2jyP_exUkT5VQpN5aZ2dkduAAXwiUb2bfy-ksrydTCtYHJJmOKO2rcrC1MF0hBebYeYYIWCti5N6ngUTvkwMKt5NH5MxKCnm1aYYo-qQK8ktorEVnyd4cnu0znhh1P3M8B7Ta8ijyq7IyHWeVL2Idhn2cmnNwhtONX9gG9jZJXQ6z30c5_Oz2YCInkvbIRB34iZUhbHTXaSsYRr3tSkYZWbVP2HRloPW6PYHiKB-xy254tKh6cxCnfL3A9Y_-Vh3ByXmIej36kJ2PZ9NiuKfZULV9wGTDJJNiK_-UdLVs6DB3tXtMPQ0nGqu2b4SX9OJIyx1JTen_EXfw256IUboHtowAWVAg5GvWzavwTU91UY1dV2y9EJNJV:1t6GKS:CL2hxmJhgf5WpJMMSzSCKNGjYaoHvg0wI-pDErnElaE",
        "expire_date": "2024-11-13T21:34:12.767Z"
    }
},
{
    "model": "sessions.session",
    "pk": "ke52x714z2hqmkwkjrycgayygm0jv76u",
    "fields": {
        "session_data": ".eJxVUEtuhTAMvIvXCCVASMKq7TWqCjkfmqhAUBLaPiHuXnhlw8KSNTMej70Bah3WOfe4Zmfn7DVmH-Z-stkFk6B73-C_hw4WTOknRAMFYIaO8rpiFRdSlEw0jDNegJ3Qj4c0rcsSYn5x6KMLOT9KHSbYPwp4burXZGPvT1MKN0yh_rLzSeA4nnB5JSyfmotO5est79s1dbNymNzhIyk3wrCjGqM0bwmKlg4VN5KxRipa17WQitFDIZkljdVyEA1Rmhmjh1acpsmmdL7F_i4-Po7TKyJbQgpI-G17Pw8BuhxXW4DCT-i2ff8DjkV0AQ:1tFcjm:queC4sfZ0MJxzPJZveFGoj42iY_jssl6Z7OeZyBdCcI",
        "expire_date": "2024-12-09T17:19:02.842Z"
    }
},
{
    "model": "sessions.session",
    "pk": "lbbphrh46ac88c3myd7mbbonxqhtbsx2",
    "fields": {
        "session_data": ".eJxVUEtuhDAMvYvXCJEPhLDq9BrVCJnEGVCBjEjQtELcvWTKhp3t9_GzN-jwAc22Z4DG-HWOLa6xpzkOBuPg53ai2HsboPna4L-GBp4YwssvFg5ZhIYpISSra17mhWRMS54BTTiMB3Vcx_XjkZrc-An2ewbvFe0aaGmH5CbhMuvQfNOcABzHNM7PaPmbc8Ihv12Cfp6qi1WPoT98hDW2cw5rrrVShdalqkylODnnFClmnFVaIDfcSV1rU5YVEVmmnbDSkUimgUJI_6Cf57D8HjfzQldFsf8BQb9rnA:1tJGeX:xDanN22D3X0tPWOwUJ-Xf1TI5w7t-_WNjVVPj-dV1IA",
        "expire_date": "2024-12-19T18:32:41.596Z"
    }
},
{
    "model": "sessions.session",
    "pk": "q24tw4sxvh2wz758185ol8kkb9dfqk8c",
    "fields": {
        "session_data": ".eJxtzDEOgzAMheG7eMaSE-wQcxkUJ2mF1E7p0Bbl7pSysrzh19O3gaU7zBsE4qDhVnCSMiFrEYyeI5ZEmsiLKIfjt77qsy32Wdr6rUdoMLsBHr_tfYDROIr4imP1GTlWRlNHaCE7pVyIVC-Z9-m0v9P7Do0-K4o:1t8pEt:nhY7v9lnWCap1oejRp4ylOltb3oH_x3dsTtdPrB2CuU",
        "expire_date": "2024-11-20T23:15:03.706Z"
    }
},
{
    "model": "sessions.session",
    "pk": "qyq1peyhl8zbbns8r2fkzwirjyyujvrf",
    "fields": {
        "session_data": ".eJxVjjGuwjAQRO_iGkdeZ9f2UtJzhmjttQn8r0QiUCHujpEooJhm5s1oHmaS-22e7lu9Tmc1ewNm9-1lKX91eQd6keW0DmVdbtdzHt7I8Em34bhq_T982J-BWba5txmiJqUu1FxicJICNB-ViZAzjOOYOBN0gqk6rIVbQpcLqZYWUh_NcjL7h4mxVQVG68GpxQDRskCxUlsL1WeXuN-FuDPBYeDQ1EbSaJGVbPKYrIpjcZ6IMXTy-XwByVtOoA:1t8p0F:kV_46pKnPhx4Ma50--l7fhrkXr9C_gHH_YqTcVnUQwo",
        "expire_date": "2024-11-20T22:59:55.429Z"
    }
},
{
    "model": "sessions.session",
    "pk": "r14ddclprslwhqh6embc5kigamu5vjoo",
    "fields": {
        "session_data": ".eJxtjDEOwyAMAP_iOZaAGoP5TGRqqCI1E13aiL8n2Xvj6XQHVH1BOSCl3swLYfDOkNgnFPVP1NY7t1BdFru77dP2sdbvOrZfu8WA4hfYoTzmXIAdsXA3TNESkljEHCijqRN1IUYh_rt5X5t5cQLI5Spa:1t92s3:-qljde2AcwFw1p4N2z-NjLtDx-38NDBBRcIdvrl9SgM",
        "expire_date": "2024-11-21T13:48:23.652Z"
    }
},
{
    "model": "sessions.session",
    "pk": "s2ajweapo6y4bw8wuojo5hd1jbzw7b2f",
    "fields": {
        "session_data": ".eJx1z0sOwzAIBNC7eF0k4w-YXiayDVRZZNVu2ih3b3KAsByNnoY9jP4Kzz0wuylKgYRRoRAySMcJ3dzJ0ohN9OqtH9vey_gu7_VnV7CFJ-JxPII2SshOUJIyFESHkYeDTurCYm1muxPyBTSXKU07EMcGRbzDsKrANomEPWmud0C6gFw4I7UERCrnjDqg1YJAHrNFykr1_ofjvD_Y5k_U:1t98yN:8lsseJY8G0Blhhzzf-hkaAMsk10ydNUMtA9XaagfMas",
        "expire_date": "2024-11-21T20:19:19.261Z"
    }
},
{
    "model": "sessions.session",
    "pk": "s2fbk53euu8ge3mpa3itpbvc0337q4q4",
    "fields": {
        "session_data": "eyJiYWciOnsiNzdmZWQxOTQtMjEwZC00NjE3LTlhMWMtYWVmZjZlMmIwODlkIjp7Iml0ZW1zX2J5X3NpemUiOnsicyI6Mn19fX0:1tB9iE:ODeahOA7B1gxAFOoKT3BSrlaQmv9Uef0m09bGE99ohc",
        "expire_date": "2024-11-27T09:30:58.268Z"
    }
},
{
    "model": "sessions.session",
    "pk": "suaqyxvuv40w3f5uc0wqmmh2hwpjw5ed",
    "fields": {
        "session_data": ".eJxVUEFuhDAM_IvPCCWBAOHU9htVhUwSmqhAEA7arlb79yZbLhwsWTPj8dgPQK3DscYBj-jsGr3G6MM6LDa6YAj6zwf899DDhkS3sBsoACP0vK1EpZRUoqyFYkIWYBf0c1LSsW1hj28O_e5CjPdShwWeXwW8Fg0H2X3w2ZPDBRtR_9g1EzjPGS7PgOVLc9JUvl_ifpxTFyuH5JKP4q3pjExVm1G3DcOu4ZNojZKyViOvqqpTo-RJoaRltdVq6mo2ammMnpoum5Ilyl-xv5vf7-lywVTDWAHkwi2F-h7oWBbM1IQz2ecfwYx0OA:1tF8yy:mevqcFa4WWR8Iol_QAmCC0-sY7juk9CZGC7LwxEyIGc",
        "expire_date": "2024-12-08T09:32:44.545Z"
    }
},
{
    "model": "sessions.session",
    "pk": "totk6keg14rsntin11dj6yel66us50sj",
    "fields": {
        "session_data": ".eJx1zDEOgzAMheG7ZK4l203smMugBDsVAxNdWsTdWw7AG389fUfq7ZWmI6mOcLIMTOiQhRSs0QItxpDgjtX8-q3v2Pa5f-Z9_cYVtjSRnecjCWYxGQ5aXCGbF6icK3hDa8ilWJY7gS9AGwk-xYFGEGQlhB6LQuuVkSiost0Bev73A6RxO_c:1tAtTI:oyIHkrw-i8pqTpbXj3CTK5KVY9Z9ewxfBaDdlTp4DAI",
        "expire_date": "2024-11-26T16:10:28.789Z"
    }
},
{
    "model": "sessions.session",
    "pk": "tx3eu91ueirbai70vp5tz1is75eruynv",
    "fields": {
        "session_data": ".eJyFkdFuwjAMRf_Fz9VEAQHt0_5jmiIvNW1EmlS2M1Yh_n0usE3THvYUR_c69-jmAuh9LkkdFh0oafCoISc3kg65E2hfLnCfoYUJRc6ZO6gAFdp6v6mbut6sm6fNYXvYNbsKaMQQzSplmjLr84CBh6w6P_k8wvW1-g6MuQ8J2gsUIXbTyZZqeDzg3onD8cFiwoipQ808m0FCn8oE7RGjUAVMXWDy6gpbbiox_gdxfwKjO52Re_laEkWlhceGnmSZbojubXY-dzfJINDOawWDEUWyUpQL2f0GPLtH8o_TJF-YrVnj-WVapJCCBovt3N8-99vD2ixOSGT5EfqYghXQ1utVs1utrp-KBpl4:1tCvG5:rjZIFE1D6eqpYxBVAIOcJmDe9xSFYztbzI6sV3Msqxk",
        "expire_date": "2024-12-02T06:29:13.632Z"
    }
},
{
    "model": "sessions.session",
    "pk": "u93c6zy73g2pgt6mi7x4il986srlpie7",
    "fields": {
        "session_data": ".eJxVjDEOAiEURO9CbQi4fOBb2nsGAnyQVQPJslsZ7y6bbKHFNPPezJs5v63FbT0tbiZ2YZKdfrvg4zPVHdDD13vjsdV1mQPfFX7Qzm-N0ut6uH8Hxfcy1igNWYIRRSEaLbzVMp8NIYDCIKdpshhADgMhCZUiZqtEiEAUs7bs8wXXejfJ:1t8KIn:4GqZR7pLo14fsSkVT3yc_pjskuGv04UmZJhqHMsS3Tk",
        "expire_date": "2024-11-19T14:13:01.955Z"
    }
},
{
    "model": "sessions.session",
    "pk": "vrq7cvzdscdjb1treg6xeaiyp357ysj1",
    "fields": {
        "session_data": "eyJzYXZlX2luZm8iOmZhbHNlfQ:1tC0s6:HsxONEJRSPPrZMfTz2kQKlmOYHauMWSt8io7J0aExiA",
        "expire_date": "2024-11-29T18:16:42.629Z"
    }
},
{
    "model": "sessions.session",
    "pk": "xptcurudslbgvljp5p4wque373l6x0d7",
    "fields": {
        "session_data": ".eJxVjLsOAiEURP-F2pBFHgtb2vsNBLgXd9VAwsPG-O-yyRZaTDNz5ryJdb2ttlcsdgOyEEZOv5134YFpH-Du0i3TkFMrm6c7Qo-10msGfF4O9k-wurqOt2EzaJAjAnyY1eS0YvE8g5FSGM8459p4yQZhJE4Cg4laTD5IgBCVHtLqXmi3FDNZWun4-QK-YD3t:1tDNcQ:CuD_jpqavTFDbIIBuSb6mQ3t4TLvy-GL9ashUkk6B8U",
        "expire_date": "2024-12-03T12:46:10.314Z"
    }
},
{
    "model": "sessions.session",
    "pk": "ykhrf8sjle12xd11gafna9gybl1yvyeb",
    "fields": {
        "session_data": ".eJyFkcFOwzAQRP9lz1EVt6JNc-I_ELIWZ5tYdexovaZEVf-dTRtAcOHktWbW8zS-AjqXShSLRQaK4h2KT9GOJEPqMrQvV3jM0MKEOV8Sd1ABCrTmsDPN3uzM06bZ1vWhqYBG9EGduUxTYnke0POQROaNSyPcXqvvvJB6H6G9QsnEdjrrkoH1AftO7E8rigojxg4l8ayG7PtYJmhPGDJVwNR5Jie2sObGEsJ_EI8nMNjzBbnPX0tZUGjh0aGnvEx3RPs2W5e6u6QQqOetgkGJAmknwoX0fgee7Zr841TJFWYtVnl-mRbJRy9eYzv7t05zPB7MTi02U87Lh9DH5LWA1mzr476ub58POZk1:1tCiFh:ZxDH8QQ_RTJRmZ9PVqeqfdsAGiMDACmQGbKOCZEt2eY",
        "expire_date": "2024-12-01T16:35:57.124Z"
    }
},
{
    "model": "sessions.session",
    "pk": "z9pjy63g6lbz0853gvg2tf2okwbxnmo2",
    "fields": {
        "session_data": ".eJxVkMtuwyAQRf9l1sbi_ciq7W9UlQUM1FYT2zJYbRTl34vbbLJAgpnD4Q438DEu-1wHv9cxzXWKvk7LPFxSHRcscHq_wf8eTrD6Ur6XDaEDX-HEjOBSUcFkb6l27dRBuvjp3NCyr-uy1ZfRT9u41Hrt43KB-0cHfy8Ne0nbMB1SBk-14ONXmo-GP5-Pcv9I2P8xj3bpX5_yvj1uPalGX8bmccygRdWWxBCNpt5qlrlBp5R0gQkhrAuKNcKpRGWKLltJQ1SIMWt7SEsq5fiW9LNO27WNzqnTlHYQ_CecbiCkEUxbTrRGRyRXgVglGdGZikS1QK3aSLIDtJozk3Vj0BDJWCZBhEwwau-MSzaK1PQdRKY49R4JjZSRFooTpxOSFiwnFC4HVA28338BAvuMXQ:1tFENM:zXZv9wxPebFOQQYK3rIWbFPuCwOOgqjgznnfh7u3UyM",
        "expire_date": "2024-12-08T15:18:16.804Z"
    }
},
{
    "model": "sites.site",
    "pk": 1,
    "fields": {
        "domain": "info@hairhotty.com",
        "name": "Hair Hotty"
    }
},
{
    "model": "account.emailaddress",
    "pk": 1,
    "fields": {
        "user": 1,
        "email": "support@hairhotty.com",
        "verified": true,
        "primary": true
    }
},
{
    "model": "account.emailaddress",
    "pk": 2,
    "fields": {
        "user": 2,
        "email": "angela.anjorin@gmail.com",
        "verified": false,
        "primary": true
    }
},
{
    "model": "account.emailaddress",
    "pk": 3,
    "fields": {
        "user": 3,
        "email": "info@anjorinllc.com",
        "verified": false,
        "primary": true
    }
},
{
    "model": "account.emailaddress",
    "pk": 4,
    "fields": {
        "user": 4,
        "email": "lulu@gmail.com",
        "verified": true,
        "primary": true
    }
},
{
    "model": "account.emailaddress",
    "pk": 5,
    "fields": {
        "user": 5,
        "email": "kiki@gmail.com",
        "verified": false,
        "primary": true
    }
},
{
    "model": "account.emailaddress",
    "pk": 6,
    "fields": {
        "user": 6,
        "email": "tanja@kuppel.com",
        "verified": true,
        "primary": true
    }
},
{
    "model": "blog.post",
    "pk": 1,
    "fields": {
        "title": "Falling out hair, how to combate that problem.",
        "slug": "falling-out-hair-how-to-combate-that-problem",
        "author": 4,
        "featured_image": "image/upload/placeholder",
        "content": "<p>lfkaerjewaoizroiuedfae rwa3r2</p>",
        "created_on": "2024-12-05T17:11:17.916Z",
        "status": 1,
        "updated_on": "2024-12-05T18:18:06.844Z",
        "likes": []
    }
},
{
    "model": "blog.post",
    "pk": 2,
    "fields": {
        "title": "post1",
        "slug": "post1",
        "author": 4,
        "featured_image": "image/upload/placeholder",
        "content": "<p>ew</p><p>flskgawleiuhfiu</p>",
        "created_on": "2024-12-05T18:31:42.092Z",
        "status": 0,
        "updated_on": "2024-12-05T18:31:42.092Z",
        "likes": []
    }
},
{
    "model": "blog.post",
    "pk": 3,
    "fields": {
        "title": "dflasdflkwearzp",
        "slug": "dflasdflkwearzp",
        "author": 4,
        "featured_image": "image/upload/placeholder",
        "content": "<p>eflaemwfQJE&nbsp;</p>",
        "created_on": "2024-12-05T18:31:56.307Z",
        "status": 0,
        "updated_on": "2024-12-05T18:31:56.307Z",
        "likes": []
    }
},
{
    "model": "blog.post",
    "pk": 4,
    "fields": {
        "title": "EOKRQWURN",
        "slug": "eokrqwurn",
        "author": 4,
        "featured_image": "image/upload/placeholder",
        "content": "<p>ERQWELRKQ</p>",
        "created_on": "2024-12-05T18:32:10.916Z",
        "status": 0,
        "updated_on": "2024-12-05T18:32:10.916Z",
        "likes": []
    }
},
{
    "model": "blog.post",
    "pk": 5,
    "fields": {
        "title": "RQWR \"AWEE RR",
        "slug": "rqwr-ss-awee-rr",
        "author": 4,
        "featured_image": "image/upload/placeholder",
        "content": "<p>RTWQ$TJ&amp;H</p>",
        "created_on": "2024-12-05T18:32:30.397Z",
        "status": 0,
        "updated_on": "2024-12-05T18:32:30.397Z",
        "likes": []
    }
},
{
    "model": "checkout.order",
    "pk": 1,
    "fields": {
        "order_number": "335E0A31BD5B44F9A950434AAF301E6D",
        "user_profile": null,
        "full_name": "Angela Olufunmilayo DRANJORIN",
        "email": "info@anjorinllc.com",
        "phone_number": "015167338938",
        "country": "Germany",
        "postcode": "55595",
        "town_or_city": "Roxheim",
        "street_address1": "Am Kornfeld 38",
        "street_address2": "STE 4",
        "county": "FL",
        "date": "2024-11-14T11:29:03.961Z",
        "delivery_cost": "0.00",
        "order_total": "837.00",
        "grand_total": "837.00",
        "original_bag": "",
        "stripe_pid": ""
    }
},
{
    "model": "checkout.order",
    "pk": 2,
    "fields": {
        "order_number": "C2D2C135D63F4FA3B4A10A498083BE1C",
        "user_profile": null,
        "full_name": "ANGELA O ANJORIN",
        "email": "angela.anjorin@gmail.com",
        "phone_number": "7869359619",
        "country": "United States",
        "postcode": "33145",
        "town_or_city": "Miami",
        "street_address1": "1700 SW 13th Ave",
        "street_address2": null,
        "county": "FL",
        "date": "2024-11-14T11:31:45.750Z",
        "delivery_cost": "0.00",
        "order_total": "398.00",
        "grand_total": "398.00",
        "original_bag": "",
        "stripe_pid": ""
    }
},
{
    "model": "checkout.order",
    "pk": 3,
    "fields": {
        "order_number": "6FF0BC66D1074D759A312810CEE6FE8F",
        "user_profile": null,
        "full_name": "Lulu Adams",
        "email": "lulu@gmail.com",
        "phone_number": "015167338938",
        "country": "Germany",
        "postcode": "55595",
        "town_or_city": "Roxheim",
        "street_address1": "Am Kornfeld 38",
        "street_address2": null,
        "county": null,
        "date": "2024-11-14T11:47:03.134Z",
        "delivery_cost": "0.00",
        "order_total": "597.00",
        "grand_total": "597.00",
        "original_bag": "",
        "stripe_pid": ""
    }
},
{
    "model": "checkout.order",
    "pk": 4,
    "fields": {
        "order_number": "110EDF2D1D2C4773AE454A49C95CFE86",
        "user_profile": null,
        "full_name": "ANGELA ANJORIN",
        "email": "info@anjorinllc.com",
        "phone_number": "7869359619",
        "country": "United States",
        "postcode": "33487",
        "town_or_city": "Boca Raton",
        "street_address1": "1101 S Rogers CIR",
        "street_address2": "STE 4",
        "county": "FL",
        "date": "2024-11-14T11:53:58.484Z",
        "delivery_cost": "0.00",
        "order_total": "2712.00",
        "grand_total": "2712.00",
        "original_bag": "",
        "stripe_pid": ""
    }
},
{
    "model": "checkout.order",
    "pk": 5,
    "fields": {
        "order_number": "23C102D7A6684515B95D613D69F6F50E",
        "user_profile": null,
        "full_name": "ANGELA ANJORIN",
        "email": "info@anjorinllc.com",
        "phone_number": "7869359619",
        "country": "United States",
        "postcode": "33487",
        "town_or_city": "Boca Raton",
        "street_address1": "1101 S Rogers CIR",
        "street_address2": "STE 4",
        "county": "FL",
        "date": "2024-11-14T11:59:34.439Z",
        "delivery_cost": "0.00",
        "order_total": "0.00",
        "grand_total": "0.00",
        "original_bag": "",
        "stripe_pid": ""
    }
},
{
    "model": "checkout.order",
    "pk": 6,
    "fields": {
        "order_number": "76922841A75243298276DA8F9B76A1B4",
        "user_profile": null,
        "full_name": "ANGELA ANJORIN",
        "email": "info@anjorinllc.com",
        "phone_number": "7869359619",
        "country": "United States",
        "postcode": "33487",
        "town_or_city": "Boca Raton",
        "street_address1": "1101 S Rogers CIR",
        "street_address2": "STE 4",
        "county": "FL",
        "date": "2024-11-15T11:24:29.883Z",
        "delivery_cost": "0.00",
        "order_total": "747.00",
        "grand_total": "747.00",
        "original_bag": "",
        "stripe_pid": ""
    }
},
{
    "model": "checkout.order",
    "pk": 7,
    "fields": {
        "order_number": "285421D34DAD4F2CA95B59091CF6D556",
        "user_profile": null,
        "full_name": "ANGELA ANJORIN",
        "email": "info@anjorinllc.com",
        "phone_number": "7869359619",
        "country": "US",
        "postcode": "33487",
        "town_or_city": "Boca Raton",
        "street_address1": "1101 S Rogers CIR",
        "street_address2": "STE 4",
        "county": "FL",
        "date": "2024-11-15T17:09:48.528Z",
        "delivery_cost": "0.00",
        "order_total": "309.00",
        "grand_total": "309.00",
        "original_bag": "",
        "stripe_pid": ""
    }
},
{
    "model": "checkout.order",
    "pk": 8,
    "fields": {
        "order_number": "FFFCD95CB9944F22AE0A03FE639B2BC9",
        "user_profile": null,
        "full_name": "ANGELA ANJORIN",
        "email": "info@anjorinllc.com",
        "phone_number": "7869359619",
        "country": "US",
        "postcode": "33487",
        "town_or_city": "Boca Raton",
        "street_address1": "1101 S Rogers CIR",
        "street_address2": "STE 4",
        "county": "FL",
        "date": "2024-11-15T17:17:32.927Z",
        "delivery_cost": "24.90",
        "order_total": "249.00",
        "grand_total": "273.90",
        "original_bag": "",
        "stripe_pid": ""
    }
},
{
    "model": "checkout.order",
    "pk": 9,
    "fields": {
        "order_number": "CE018A9EF5564640A992E5A5D864710B",
        "user_profile": null,
        "full_name": "ANGELA ANJORIN",
        "email": "info@anjorinllc.com",
        "phone_number": "7869359619",
        "country": "US",
        "postcode": "33487",
        "town_or_city": "Boca Raton",
        "street_address1": "1101 S Rogers CIR",
        "street_address2": "STE 4",
        "county": "FL",
        "date": "2024-11-15T17:40:22.538Z",
        "delivery_cost": "24.90",
        "order_total": "249.00",
        "grand_total": "273.90",
        "original_bag": "",
        "stripe_pid": ""
    }
},
{
    "model": "checkout.order",
    "pk": 10,
    "fields": {
        "order_number": "D45711DCE1714323B537E6A3B8F15420",
        "user_profile": null,
        "full_name": "ANGELA ANJORIN",
        "email": "info@anjorinllc.com",
        "phone_number": "7869359619",
        "country": "US",
        "postcode": "33487",
        "town_or_city": "Boca Raton",
        "street_address1": "1101 S Rogers CIR",
        "street_address2": "STE 4",
        "county": "FL",
        "date": "2024-11-15T18:16:42.557Z",
        "delivery_cost": "0.00",
        "order_total": "309.00",
        "grand_total": "309.00",
        "original_bag": "{\"77fed194-210d-4617-9a1c-aeff6e2b089d\": {\"items_by_size\": {\"m\": 1}}}",
        "stripe_pid": "pi_3QLU3vBgh2PE5LpK0AEgCLYc"
    }
},
{
    "model": "checkout.order",
    "pk": 11,
    "fields": {
        "order_number": "80E9C725198946DB894F6CCF0834FA2C",
        "user_profile": null,
        "full_name": "ANGELA O DRANJORIN",
        "email": "info@anjorinllc.com",
        "phone_number": "015167338938",
        "country": "DE",
        "postcode": "55595",
        "town_or_city": "Roxheim",
        "street_address1": "Am Kornfeld 38",
        "street_address2": "STE 4",
        "county": "FL",
        "date": "2024-11-16T16:48:34.269Z",
        "delivery_cost": "0.00",
        "order_total": "309.00",
        "grand_total": "309.00",
        "original_bag": "{\"77fed194-210d-4617-9a1c-aeff6e2b089d\": {\"items_by_size\": {\"m\": 1}}}",
        "stripe_pid": "pi_3QLp0oBgh2PE5LpK0bP527cP"
    }
},
{
    "model": "checkout.order",
    "pk": 12,
    "fields": {
        "order_number": "6FA7E648238B46ABBC471860B6B4449B",
        "user_profile": null,
        "full_name": "ANGELA ANJORIN",
        "email": "info@anjorinllc.com",
        "phone_number": "7869359619",
        "country": "US",
        "postcode": "33487",
        "town_or_city": "Boca Raton",
        "street_address1": "1101 S Rogers CIR",
        "street_address2": "STE 4",
        "county": "FL",
        "date": "2024-11-16T18:00:24.099Z",
        "delivery_cost": "19.90",
        "order_total": "199.00",
        "grand_total": "218.90",
        "original_bag": "{\"d86217f6-42d7-411f-b3bf-dc6a979e8c3e\": {\"items_by_size\": {\"m\": 1}}}",
        "stripe_pid": "pi_3QLqHbBgh2PE5LpK1pi0BcxC"
    }
},
{
    "model": "checkout.order",
    "pk": 13,
    "fields": {
        "order_number": "F1F0CA6AAB93451BA302D65DF21CEF91",
        "user_profile": null,
        "full_name": "ANGELA O ANJORIN",
        "email": "angela.anjorin@gmail.com",
        "phone_number": "07869359619",
        "country": "DE",
        "postcode": "33145",
        "town_or_city": "Miami",
        "street_address1": "1700 SW 13th Ave",
        "street_address2": null,
        "county": null,
        "date": "2024-11-16T18:07:53.593Z",
        "delivery_cost": "19.90",
        "order_total": "199.00",
        "grand_total": "218.90",
        "original_bag": "{\"d86217f6-42d7-411f-b3bf-dc6a979e8c3e\": {\"items_by_size\": {\"m\": 1}}}",
        "stripe_pid": "pi_3QLqP9Bgh2PE5LpK1yVeyNnE"
    }
},
{
    "model": "checkout.order",
    "pk": 14,
    "fields": {
        "order_number": "595B754AF0F045308384505A157E67AC",
        "user_profile": null,
        "full_name": "ANGELA ANJORIN",
        "email": "info@anjorinllc.com",
        "phone_number": "7869359619",
        "country": "US",
        "postcode": "33487",
        "town_or_city": "Boca Raton",
        "street_address1": "1101 S Rogers CIR",
        "street_address2": "STE 4",
        "county": "FL",
        "date": "2024-11-17T12:50:38.110Z",
        "delivery_cost": "0.00",
        "order_total": "657.00",
        "grand_total": "657.00",
        "original_bag": "{\"3b48552e-3e2c-48e4-b910-b6c190cd0099\": {\"items_by_size\": {\"m\": 3}}}",
        "stripe_pid": "pi_3QM7v9Bgh2PE5LpK0CKlig9D"
    }
},
{
    "model": "checkout.order",
    "pk": 15,
    "fields": {
        "order_number": "41E57C74F1C64C949A08FFEB92634D57",
        "user_profile": null,
        "full_name": "Angela Olufunmilayo",
        "email": "angela.anjorin@gmail.com",
        "phone_number": "015167338938",
        "country": "DE",
        "postcode": "55595",
        "town_or_city": "Roxheim",
        "street_address1": "Am Kornfeld 38",
        "street_address2": null,
        "county": null,
        "date": "2024-11-17T13:09:36.067Z",
        "delivery_cost": "0.00",
        "order_total": "309.00",
        "grand_total": "309.00",
        "original_bag": "{\"77fed194-210d-4617-9a1c-aeff6e2b089d\": {\"items_by_size\": {\"m\": 1}}}",
        "stripe_pid": "pi_3QM8DwBgh2PE5LpK1PgWIoXy"
    }
},
{
    "model": "checkout.order",
    "pk": 16,
    "fields": {
        "order_number": "9D9842BDE900426EA1E6E79A04312FCB",
        "user_profile": null,
        "full_name": "ANGELA ANJORIN",
        "email": "info@anjorinllc.com",
        "phone_number": "7869359619",
        "country": "US",
        "postcode": "33487",
        "town_or_city": "Boca Raton",
        "street_address1": "1101 S Rogers CIR",
        "street_address2": "STE 4",
        "county": "FL",
        "date": "2024-11-17T16:00:58.881Z",
        "delivery_cost": "0.00",
        "order_total": "438.00",
        "grand_total": "438.00",
        "original_bag": "{\"3b48552e-3e2c-48e4-b910-b6c190cd0099\": {\"items_by_size\": {\"m\": 2}}}",
        "stripe_pid": "pi_3QMAteBgh2PE5LpK0PlCjHxm"
    }
},
{
    "model": "checkout.order",
    "pk": 17,
    "fields": {
        "order_number": "C74B36DBA397472CB7ADBF58DA8DBC26",
        "user_profile": 2,
        "full_name": "Lulu Adams",
        "email": "angela.anjorin@gmail.com",
        "phone_number": "7869359619",
        "country": "US",
        "postcode": "33145",
        "town_or_city": "Miami",
        "street_address1": "1700 SW 13th Ave",
        "street_address2": null,
        "county": "FL",
        "date": "2024-11-18T09:23:16.739Z",
        "delivery_cost": "0.00",
        "order_total": "309.00",
        "grand_total": "309.00",
        "original_bag": "{\"77fed194-210d-4617-9a1c-aeff6e2b089d\": {\"items_by_size\": {\"m\": 1}}}",
        "stripe_pid": "pi_3QMRAEBgh2PE5LpK0SUEYSDf"
    }
},
{
    "model": "checkout.order",
    "pk": 18,
    "fields": {
        "order_number": "C17B5E18F90F463E979BB51C5AFFC3E5",
        "user_profile": 2,
        "full_name": "Lulu Adams",
        "email": "lulu@gmail.com",
        "phone_number": "7869359619",
        "country": "US",
        "postcode": "33145",
        "town_or_city": "Miami",
        "street_address1": "1700 SW 13th Ave",
        "street_address2": null,
        "county": "FL",
        "date": "2024-11-18T09:25:43.290Z",
        "delivery_cost": "24.90",
        "order_total": "249.00",
        "grand_total": "273.90",
        "original_bag": "{\"604696fd-75d7-49d5-8248-da09a0255946\": {\"items_by_size\": {\"m\": 1}}}",
        "stripe_pid": "pi_3QMRCnBgh2PE5LpK0k2ouaA6"
    }
},
{
    "model": "checkout.order",
    "pk": 19,
    "fields": {
        "order_number": "33A2EAA86D6A469EA90EF1DA85EBFBDA",
        "user_profile": 2,
        "full_name": "Lulu Adams",
        "email": "lulu@gmail.com",
        "phone_number": "7869359619",
        "country": "US",
        "postcode": "33145",
        "town_or_city": "Miami",
        "street_address1": "1700 SW 13th Ave",
        "street_address2": null,
        "county": "FL",
        "date": "2024-11-18T09:51:21.004Z",
        "delivery_cost": "0.00",
        "order_total": "309.00",
        "grand_total": "309.00",
        "original_bag": "{\"77fed194-210d-4617-9a1c-aeff6e2b089d\": {\"items_by_size\": {\"m\": 1}}}",
        "stripe_pid": "pi_3QMRbkBgh2PE5LpK0AJOqhc4"
    }
},
{
    "model": "checkout.order",
    "pk": 20,
    "fields": {
        "order_number": "6E0B8FE7F58A4EFCA63D736B4AAAA172",
        "user_profile": 2,
        "full_name": "Lulu Adams",
        "email": "lulu@gmail.com",
        "phone_number": "7869359619",
        "country": "US",
        "postcode": "33145",
        "town_or_city": "Miami",
        "street_address1": "1700 SW 13th Ave",
        "street_address2": null,
        "county": "FL",
        "date": "2024-11-18T10:26:02.276Z",
        "delivery_cost": "0.00",
        "order_total": "927.00",
        "grand_total": "927.00",
        "original_bag": "{\"77fed194-210d-4617-9a1c-aeff6e2b089d\": {\"items_by_size\": {\"m\": 3}}}",
        "stripe_pid": "pi_3QMS9HBgh2PE5LpK1zE3WQSK"
    }
},
{
    "model": "checkout.order",
    "pk": 21,
    "fields": {
        "order_number": "01C40B35BE344284876CB2A7FA3EB884",
        "user_profile": 2,
        "full_name": "Lulu Adams",
        "email": "lulu@gmail.com",
        "phone_number": "7869359619",
        "country": "US",
        "postcode": "33145",
        "town_or_city": "Miami",
        "street_address1": "1700 SW 13th Ave",
        "street_address2": null,
        "county": "FL",
        "date": "2024-11-18T11:06:06.373Z",
        "delivery_cost": "0.00",
        "order_total": "995.00",
        "grand_total": "995.00",
        "original_bag": "{\"d86217f6-42d7-411f-b3bf-dc6a979e8c3e\": {\"items_by_size\": {\"m\": 5}}}",
        "stripe_pid": "pi_3QMSlxBgh2PE5LpK00mdvmQ0"
    }
},
{
    "model": "checkout.order",
    "pk": 22,
    "fields": {
        "order_number": "3157D8541D4749708AFD18F5BD712884",
        "user_profile": 2,
        "full_name": "Lulu Adams",
        "email": "lulu@gmail.com",
        "phone_number": "7869359619",
        "country": "US",
        "postcode": "33145",
        "town_or_city": "Miami",
        "street_address1": "1700 SW 13th Ave",
        "street_address2": null,
        "county": "FL",
        "date": "2024-11-18T11:14:27.680Z",
        "delivery_cost": "0.00",
        "order_total": "747.00",
        "grand_total": "747.00",
        "original_bag": "{\"604696fd-75d7-49d5-8248-da09a0255946\": {\"items_by_size\": {\"m\": 3}}}",
        "stripe_pid": "pi_3QMSu3Bgh2PE5LpK1u2WAHLO"
    }
},
{
    "model": "checkout.order",
    "pk": 23,
    "fields": {
        "order_number": "AEBDE583C35743B2BBE5D485946BE267",
        "user_profile": 2,
        "full_name": "Lulu Adams",
        "email": "lulu@gmail.com",
        "phone_number": "7869359619",
        "country": "US",
        "postcode": "33145",
        "town_or_city": "Miami",
        "street_address1": "1700 SW 13th Ave",
        "street_address2": null,
        "county": "FL",
        "date": "2024-11-18T11:18:57.017Z",
        "delivery_cost": "0.00",
        "order_total": "598.00",
        "grand_total": "598.00",
        "original_bag": "{\"34731682-66d9-425b-8541-6f03e063d65d\": {\"items_by_size\": {\"m\": 2}}}",
        "stripe_pid": "pi_3QMSy8Bgh2PE5LpK1f5hxLul"
    }
},
{
    "model": "checkout.order",
    "pk": 24,
    "fields": {
        "order_number": "19347C50C7674A76AA36076F0BA1F4DC",
        "user_profile": 2,
        "full_name": "Lulu Adams",
        "email": "lulu@gmail.com",
        "phone_number": "7869359619",
        "country": "US",
        "postcode": "33145",
        "town_or_city": "Miami",
        "street_address1": "1700 SW 13th Ave",
        "street_address2": null,
        "county": "FL",
        "date": "2024-11-18T11:25:42.216Z",
        "delivery_cost": "19.90",
        "order_total": "199.00",
        "grand_total": "218.90",
        "original_bag": "{\"d86217f6-42d7-411f-b3bf-dc6a979e8c3e\": {\"items_by_size\": {\"m\": 1}}}",
        "stripe_pid": "pi_3QMT50Bgh2PE5LpK09bgiPNB"
    }
},
{
    "model": "checkout.order",
    "pk": 25,
    "fields": {
        "order_number": "7CCE15CDF5EA42E4992B5626A6CC9604",
        "user_profile": 2,
        "full_name": "Lulu Adams",
        "email": "lulu@gmail.com",
        "phone_number": "7869359619",
        "country": "US",
        "postcode": "33145",
        "town_or_city": "Miami",
        "street_address1": "1700 SW 13th Ave",
        "street_address2": null,
        "county": "FL",
        "date": "2024-11-18T11:28:17.839Z",
        "delivery_cost": "0.00",
        "order_total": "309.00",
        "grand_total": "309.00",
        "original_bag": "{\"77fed194-210d-4617-9a1c-aeff6e2b089d\": {\"items_by_size\": {\"m\": 1}}}",
        "stripe_pid": "pi_3QMT7YBgh2PE5LpK0AjNlosv"
    }
},
{
    "model": "checkout.order",
    "pk": 26,
    "fields": {
        "order_number": "88B256B5184D468FB922A75C74A422B9",
        "user_profile": 1,
        "full_name": "ANGELA O ANJORIN",
        "email": "angela.anjorin@gmail.com",
        "phone_number": "07869359619",
        "country": "DE",
        "postcode": "33145",
        "town_or_city": "Miami",
        "street_address1": "1700 SW 13th Ave",
        "street_address2": null,
        "county": null,
        "date": "2024-11-18T11:45:37.303Z",
        "delivery_cost": "0.00",
        "order_total": "309.00",
        "grand_total": "309.00",
        "original_bag": "{\"77fed194-210d-4617-9a1c-aeff6e2b089d\": {\"items_by_size\": {\"m\": 1}}}",
        "stripe_pid": "pi_3QMTOFBgh2PE5LpK0518UlDy"
    }
},
{
    "model": "checkout.order",
    "pk": 27,
    "fields": {
        "order_number": "FFD8E9D171EB4B0E8795D54F6EDC60E0",
        "user_profile": 1,
        "full_name": "Lulu Adams",
        "email": "support@hairhotty.com",
        "phone_number": "07869359619",
        "country": "DE",
        "postcode": "33145",
        "town_or_city": "Miami",
        "street_address1": "1700 SW 13th Ave",
        "street_address2": null,
        "county": null,
        "date": "2024-11-18T14:12:42.654Z",
        "delivery_cost": "0.00",
        "order_total": "1545.00",
        "grand_total": "1545.00",
        "original_bag": "{\"77fed194-210d-4617-9a1c-aeff6e2b089d\": {\"items_by_size\": {\"m\": 5}}}",
        "stripe_pid": "pi_3QMVgeBgh2PE5LpK1FpwfQqy"
    }
},
{
    "model": "checkout.order",
    "pk": 28,
    "fields": {
        "order_number": "69E5A97FDAED4B64B11AB0E803613FF9",
        "user_profile": 1,
        "full_name": "Lulu Adams",
        "email": "support@hairhotty.com",
        "phone_number": "07869359619",
        "country": "DE",
        "postcode": "33145",
        "town_or_city": "Miami",
        "street_address1": "1700 SW 13th Ave",
        "street_address2": null,
        "county": null,
        "date": "2024-11-18T14:20:16.859Z",
        "delivery_cost": "0.00",
        "order_total": "309.00",
        "grand_total": "309.00",
        "original_bag": "{\"77fed194-210d-4617-9a1c-aeff6e2b089d\": {\"items_by_size\": {\"m\": 1}}}",
        "stripe_pid": "pi_3QMVnxBgh2PE5LpK0WWZIik6"
    }
},
{
    "model": "checkout.order",
    "pk": 29,
    "fields": {
        "order_number": "94F63F1E600542DA9886200D05B075EE",
        "user_profile": 1,
        "full_name": "Lulu Adams",
        "email": "support@hairhotty.com",
        "phone_number": "07869359619",
        "country": "DE",
        "postcode": "33145",
        "town_or_city": "Miami",
        "street_address1": "1700 SW 13th Ave",
        "street_address2": null,
        "county": null,
        "date": "2024-11-18T14:25:27.035Z",
        "delivery_cost": "0.00",
        "order_total": "1245.00",
        "grand_total": "1245.00",
        "original_bag": "{\"604696fd-75d7-49d5-8248-da09a0255946\": {\"items_by_size\": {\"m\": 5}}}",
        "stripe_pid": "pi_3QMVt0Bgh2PE5LpK1wZ41ude"
    }
},
{
    "model": "checkout.order",
    "pk": 31,
    "fields": {
        "order_number": "4E71328F63DB4E97981D8E8071DA7699",
        "user_profile": 1,
        "full_name": "Lulu Adams",
        "email": "support@hairhotty.com",
        "phone_number": "07869359619",
        "country": "DE",
        "postcode": "33145",
        "town_or_city": "Miami",
        "street_address1": "1700 SW 13th Ave",
        "street_address2": null,
        "county": null,
        "date": "2024-11-18T15:35:09.226Z",
        "delivery_cost": "0.00",
        "order_total": "3090.00",
        "grand_total": "3090.00",
        "original_bag": "{\"77fed194-210d-4617-9a1c-aeff6e2b089d\": {\"items_by_size\": {\"m\": 10}}}",
        "stripe_pid": "pi_3QMWxHBgh2PE5LpK1gmXAYPl"
    }
},
{
    "model": "checkout.order",
    "pk": 32,
    "fields": {
        "order_number": "C9FAACD1E8694D3DB7236521F06CE5DE",
        "user_profile": 1,
        "full_name": "Lulu Adams",
        "email": "support@hairhotty.com",
        "phone_number": "07869359619",
        "country": "DE",
        "postcode": "33145",
        "town_or_city": "Miami",
        "street_address1": "1700 SW 13th Ave",
        "street_address2": null,
        "county": null,
        "date": "2024-11-18T16:13:11.525Z",
        "delivery_cost": "0.00",
        "order_total": "618.00",
        "grand_total": "618.00",
        "original_bag": "{\"77fed194-210d-4617-9a1c-aeff6e2b089d\": {\"items_by_size\": {\"xs\": 2}}}",
        "stripe_pid": "pi_3QMXZHBgh2PE5LpK01vohtNb"
    }
},
{
    "model": "checkout.order",
    "pk": 33,
    "fields": {
        "order_number": "67832A82E57B42109ED4C9DEE5E206C0",
        "user_profile": 1,
        "full_name": "Lulu Adams",
        "email": "support@hairhotty.com",
        "phone_number": "07869359619",
        "country": "DE",
        "postcode": "33145",
        "town_or_city": "Miami",
        "street_address1": "1700 SW 13th Ave",
        "street_address2": null,
        "county": null,
        "date": "2024-11-18T16:41:49.875Z",
        "delivery_cost": "0.00",
        "order_total": "309.00",
        "grand_total": "309.00",
        "original_bag": "{\"77fed194-210d-4617-9a1c-aeff6e2b089d\": {\"items_by_size\": {\"m\": 1}}}",
        "stripe_pid": "pi_3QMY0xBgh2PE5LpK1a3dunam"
    }
},
{
    "model": "checkout.order",
    "pk": 34,
    "fields": {
        "order_number": "D1AF1A16557A4B41A83D691F66955D19",
        "user_profile": 1,
        "full_name": "Lulu Adams",
        "email": "support@hairhotty.com",
        "phone_number": "07869359619",
        "country": "DE",
        "postcode": "33145",
        "town_or_city": "Miami",
        "street_address1": "1700 SW 13th Ave",
        "street_address2": null,
        "county": null,
        "date": "2024-11-18T16:56:40.951Z",
        "delivery_cost": "0.00",
        "order_total": "309.00",
        "grand_total": "309.00",
        "original_bag": "{\"77fed194-210d-4617-9a1c-aeff6e2b089d\": {\"items_by_size\": {\"m\": 1}}}",
        "stripe_pid": "pi_3QMYFLBgh2PE5LpK08p5Glta"
    }
},
{
    "model": "checkout.order",
    "pk": 35,
    "fields": {
        "order_number": "95243CA5EB8B4160B1E3B0BA9642FD26",
        "user_profile": 1,
        "full_name": "ANGELA O ANJORIN",
        "email": "angela.anjorin@gmail.com",
        "phone_number": "07869359619",
        "country": "US",
        "postcode": "33145",
        "town_or_city": "Miami",
        "street_address1": "1700 SW 13th Ave",
        "street_address2": null,
        "county": null,
        "date": "2024-11-18T17:09:37.482Z",
        "delivery_cost": "0.00",
        "order_total": "2490.00",
        "grand_total": "2490.00",
        "original_bag": "{\"604696fd-75d7-49d5-8248-da09a0255946\": {\"items_by_size\": {\"m\": 10}}}",
        "stripe_pid": "pi_3QMYReBgh2PE5LpK1imQGbw4"
    }
},
{
    "model": "checkout.order",
    "pk": 36,
    "fields": {
        "order_number": "D8B089F9C47B4FB1BC937F8D1375461B",
        "user_profile": 1,
        "full_name": "Lulu Adams",
        "email": "support@hairhotty.com",
        "phone_number": "07869359619",
        "country": "US",
        "postcode": "33145",
        "town_or_city": "Miami",
        "street_address1": "1700 SW 13th Ave",
        "street_address2": null,
        "county": null,
        "date": "2024-11-18T17:25:07.601Z",
        "delivery_cost": "21.90",
        "order_total": "219.00",
        "grand_total": "240.90",
        "original_bag": "{\"3b48552e-3e2c-48e4-b910-b6c190cd0099\": {\"items_by_size\": {\"m\": 1}}}",
        "stripe_pid": "pi_3QMYgpBgh2PE5LpK0cKQXjrk"
    }
},
{
    "model": "checkout.order",
    "pk": 37,
    "fields": {
        "order_number": "7D0DE9AB974D44CC8545A7A4D728D8D0",
        "user_profile": 1,
        "full_name": "ANGELA O ANJORIN",
        "email": "angela.anjorin@gmail.com",
        "phone_number": "07869359619",
        "country": "DE",
        "postcode": "33145",
        "town_or_city": "Miami",
        "street_address1": "1700 SW 13th Ave",
        "street_address2": null,
        "county": null,
        "date": "2024-11-18T18:15:28.642Z",
        "delivery_cost": "0.00",
        "order_total": "597.00",
        "grand_total": "597.00",
        "original_bag": "{\"d86217f6-42d7-411f-b3bf-dc6a979e8c3e\": {\"items_by_size\": {\"m\": 3}}}",
        "stripe_pid": "pi_3QMZTcBgh2PE5LpK1pj9OGbv"
    }
},
{
    "model": "checkout.order",
    "pk": 38,
    "fields": {
        "order_number": "D318186BDBDE476D86AB65EBA5A805B6",
        "user_profile": 1,
        "full_name": "ANGELA O ANJORIN",
        "email": "angela.anjorin@gmail.com",
        "phone_number": "07869359619",
        "country": "DE",
        "postcode": "33145",
        "town_or_city": "Miami",
        "street_address1": "1700 SW 13th Ave",
        "street_address2": null,
        "county": null,
        "date": "2024-11-18T18:17:06.538Z",
        "delivery_cost": "0.00",
        "order_total": "309.00",
        "grand_total": "309.00",
        "original_bag": "{\"77fed194-210d-4617-9a1c-aeff6e2b089d\": {\"items_by_size\": {\"m\": 1}}}",
        "stripe_pid": "pi_3QMZVCBgh2PE5LpK0ZNu2Q2S"
    }
},
{
    "model": "checkout.order",
    "pk": 39,
    "fields": {
        "order_number": "36913C6BAEF54C88ACAFDEECAE47D4BE",
        "user_profile": null,
        "full_name": "ANGELA O ANJORIN",
        "email": "support@hairhotty.com",
        "phone_number": "07869359619",
        "country": "DE",
        "postcode": "33145",
        "town_or_city": "Miami",
        "street_address1": "1700 SW 13th Ave",
        "street_address2": null,
        "county": null,
        "date": "2024-11-25T17:17:09.268Z",
        "delivery_cost": "0.00",
        "order_total": "5199.99",
        "grand_total": "5199.99",
        "original_bag": "{\"604696fd-75d7-49d5-8248-da09a0255946\": {\"items_by_size\": {\"m\": 1, \"s\": 1}}, \"3b48552e-3e2c-48e4-b910-b6c190cd0099\": 1, \"77fed194-210d-4617-9a1c-aeff6e2b089d\": {\"items_by_size\": {\"m\": 9}}, \"d86217f6-42d7-411f-b3bf-dc6a979e8c3e\": {\"items_by_size\": {\"m\": 4}}, \"ee266378-4b5f-4092-987c-b95272b6026d\": {\"items_by_size\": {\"s\": 1}}, \"c1520aad-0c01-4ec2-96ed-40bfed39fbd5\": 1}",
        "stripe_pid": "pi_3QP5tpBgh2PE5LpK19QHKyOR"
    }
},
{
    "model": "checkout.order",
    "pk": 40,
    "fields": {
        "order_number": "5334AE65A56C448389A7DDDE7EC14D74",
        "user_profile": 1,
        "full_name": "ANGELA O ANJORIN",
        "email": "support@hairhotty.com",
        "phone_number": "07869359619",
        "country": "DE",
        "postcode": "33145",
        "town_or_city": "Miami",
        "street_address1": "1700 SW 13th Ave",
        "street_address2": null,
        "county": null,
        "date": "2024-11-25T17:18:28.265Z",
        "delivery_cost": "0.00",
        "order_total": "5199.99",
        "grand_total": "5199.99",
        "original_bag": "{\"604696fd-75d7-49d5-8248-da09a0255946\": {\"items_by_size\": {\"m\": 1, \"s\": 1}}, \"3b48552e-3e2c-48e4-b910-b6c190cd0099\": 1, \"77fed194-210d-4617-9a1c-aeff6e2b089d\": {\"items_by_size\": {\"m\": 9}}, \"d86217f6-42d7-411f-b3bf-dc6a979e8c3e\": {\"items_by_size\": {\"m\": 4}}, \"ee266378-4b5f-4092-987c-b95272b6026d\": {\"items_by_size\": {\"s\": 1}}, \"c1520aad-0c01-4ec2-96ed-40bfed39fbd5\": 1}",
        "stripe_pid": "pi_3QP5tpBgh2PE5LpK19QHKyOR"
    }
},
{
    "model": "checkout.orderlineitem",
    "pk": 1,
    "fields": {
        "order": 1,
        "product": "77fed194-210d-4617-9a1c-aeff6e2b089d",
        "product_size": "m",
        "quantity": 2,
        "lineitem_total": "618.00"
    }
},
{
    "model": "checkout.orderlineitem",
    "pk": 2,
    "fields": {
        "order": 1,
        "product": "3b48552e-3e2c-48e4-b910-b6c190cd0099",
        "product_size": "m",
        "quantity": 1,
        "lineitem_total": "219.00"
    }
},
{
    "model": "checkout.orderlineitem",
    "pk": 3,
    "fields": {
        "order": 2,
        "product": "d86217f6-42d7-411f-b3bf-dc6a979e8c3e",
        "product_size": "m",
        "quantity": 2,
        "lineitem_total": "398.00"
    }
},
{
    "model": "checkout.orderlineitem",
    "pk": 4,
    "fields": {
        "order": 3,
        "product": "d86217f6-42d7-411f-b3bf-dc6a979e8c3e",
        "product_size": "m",
        "quantity": 3,
        "lineitem_total": "597.00"
    }
},
{
    "model": "checkout.orderlineitem",
    "pk": 5,
    "fields": {
        "order": 4,
        "product": "ee266378-4b5f-4092-987c-b95272b6026d",
        "product_size": "m",
        "quantity": 8,
        "lineitem_total": "2712.00"
    }
},
{
    "model": "checkout.orderlineitem",
    "pk": 7,
    "fields": {
        "order": 6,
        "product": "604696fd-75d7-49d5-8248-da09a0255946",
        "product_size": "m",
        "quantity": 3,
        "lineitem_total": "747.00"
    }
},
{
    "model": "checkout.orderlineitem",
    "pk": 8,
    "fields": {
        "order": 7,
        "product": "77fed194-210d-4617-9a1c-aeff6e2b089d",
        "product_size": "m",
        "quantity": 1,
        "lineitem_total": "309.00"
    }
},
{
    "model": "checkout.orderlineitem",
    "pk": 9,
    "fields": {
        "order": 8,
        "product": "604696fd-75d7-49d5-8248-da09a0255946",
        "product_size": "m",
        "quantity": 1,
        "lineitem_total": "249.00"
    }
},
{
    "model": "checkout.orderlineitem",
    "pk": 10,
    "fields": {
        "order": 9,
        "product": "604696fd-75d7-49d5-8248-da09a0255946",
        "product_size": "m",
        "quantity": 1,
        "lineitem_total": "249.00"
    }
},
{
    "model": "checkout.orderlineitem",
    "pk": 11,
    "fields": {
        "order": 10,
        "product": "77fed194-210d-4617-9a1c-aeff6e2b089d",
        "product_size": "m",
        "quantity": 1,
        "lineitem_total": "309.00"
    }
},
{
    "model": "checkout.orderlineitem",
    "pk": 12,
    "fields": {
        "order": 11,
        "product": "77fed194-210d-4617-9a1c-aeff6e2b089d",
        "product_size": "m",
        "quantity": 1,
        "lineitem_total": "309.00"
    }
},
{
    "model": "checkout.orderlineitem",
    "pk": 13,
    "fields": {
        "order": 12,
        "product": "d86217f6-42d7-411f-b3bf-dc6a979e8c3e",
        "product_size": "m",
        "quantity": 1,
        "lineitem_total": "199.00"
    }
},
{
    "model": "checkout.orderlineitem",
    "pk": 14,
    "fields": {
        "order": 13,
        "product": "d86217f6-42d7-411f-b3bf-dc6a979e8c3e",
        "product_size": "m",
        "quantity": 1,
        "lineitem_total": "199.00"
    }
},
{
    "model": "checkout.orderlineitem",
    "pk": 15,
    "fields": {
        "order": 14,
        "product": "3b48552e-3e2c-48e4-b910-b6c190cd0099",
        "product_size": "m",
        "quantity": 3,
        "lineitem_total": "657.00"
    }
},
{
    "model": "checkout.orderlineitem",
    "pk": 16,
    "fields": {
        "order": 15,
        "product": "77fed194-210d-4617-9a1c-aeff6e2b089d",
        "product_size": "m",
        "quantity": 1,
        "lineitem_total": "309.00"
    }
},
{
    "model": "checkout.orderlineitem",
    "pk": 17,
    "fields": {
        "order": 16,
        "product": "3b48552e-3e2c-48e4-b910-b6c190cd0099",
        "product_size": "m",
        "quantity": 2,
        "lineitem_total": "438.00"
    }
},
{
    "model": "checkout.orderlineitem",
    "pk": 18,
    "fields": {
        "order": 17,
        "product": "77fed194-210d-4617-9a1c-aeff6e2b089d",
        "product_size": "m",
        "quantity": 1,
        "lineitem_total": "309.00"
    }
},
{
    "model": "checkout.orderlineitem",
    "pk": 19,
    "fields": {
        "order": 18,
        "product": "604696fd-75d7-49d5-8248-da09a0255946",
        "product_size": "m",
        "quantity": 1,
        "lineitem_total": "249.00"
    }
},
{
    "model": "checkout.orderlineitem",
    "pk": 20,
    "fields": {
        "order": 19,
        "product": "77fed194-210d-4617-9a1c-aeff6e2b089d",
        "product_size": "m",
        "quantity": 1,
        "lineitem_total": "309.00"
    }
},
{
    "model": "checkout.orderlineitem",
    "pk": 21,
    "fields": {
        "order": 20,
        "product": "77fed194-210d-4617-9a1c-aeff6e2b089d",
        "product_size": "m",
        "quantity": 3,
        "lineitem_total": "927.00"
    }
},
{
    "model": "checkout.orderlineitem",
    "pk": 22,
    "fields": {
        "order": 21,
        "product": "d86217f6-42d7-411f-b3bf-dc6a979e8c3e",
        "product_size": "m",
        "quantity": 5,
        "lineitem_total": "995.00"
    }
},
{
    "model": "checkout.orderlineitem",
    "pk": 23,
    "fields": {
        "order": 22,
        "product": "604696fd-75d7-49d5-8248-da09a0255946",
        "product_size": "m",
        "quantity": 3,
        "lineitem_total": "747.00"
    }
},
{
    "model": "checkout.orderlineitem",
    "pk": 24,
    "fields": {
        "order": 23,
        "product": "34731682-66d9-425b-8541-6f03e063d65d",
        "product_size": "m",
        "quantity": 2,
        "lineitem_total": "598.00"
    }
},
{
    "model": "checkout.orderlineitem",
    "pk": 25,
    "fields": {
        "order": 24,
        "product": "d86217f6-42d7-411f-b3bf-dc6a979e8c3e",
        "product_size": "m",
        "quantity": 1,
        "lineitem_total": "199.00"
    }
},
{
    "model": "checkout.orderlineitem",
    "pk": 26,
    "fields": {
        "order": 25,
        "product": "77fed194-210d-4617-9a1c-aeff6e2b089d",
        "product_size": "m",
        "quantity": 1,
        "lineitem_total": "309.00"
    }
},
{
    "model": "checkout.orderlineitem",
    "pk": 27,
    "fields": {
        "order": 26,
        "product": "77fed194-210d-4617-9a1c-aeff6e2b089d",
        "product_size": "m",
        "quantity": 1,
        "lineitem_total": "309.00"
    }
},
{
    "model": "checkout.orderlineitem",
    "pk": 28,
    "fields": {
        "order": 27,
        "product": "77fed194-210d-4617-9a1c-aeff6e2b089d",
        "product_size": "m",
        "quantity": 5,
        "lineitem_total": "1545.00"
    }
},
{
    "model": "checkout.orderlineitem",
    "pk": 29,
    "fields": {
        "order": 28,
        "product": "77fed194-210d-4617-9a1c-aeff6e2b089d",
        "product_size": "m",
        "quantity": 1,
        "lineitem_total": "309.00"
    }
},
{
    "model": "checkout.orderlineitem",
    "pk": 30,
    "fields": {
        "order": 29,
        "product": "604696fd-75d7-49d5-8248-da09a0255946",
        "product_size": "m",
        "quantity": 5,
        "lineitem_total": "1245.00"
    }
},
{
    "model": "checkout.orderlineitem",
    "pk": 34,
    "fields": {
        "order": 31,
        "product": "77fed194-210d-4617-9a1c-aeff6e2b089d",
        "product_size": "m",
        "quantity": 10,
        "lineitem_total": "3090.00"
    }
},
{
    "model": "checkout.orderlineitem",
    "pk": 35,
    "fields": {
        "order": 32,
        "product": "77fed194-210d-4617-9a1c-aeff6e2b089d",
        "product_size": "xs",
        "quantity": 2,
        "lineitem_total": "618.00"
    }
},
{
    "model": "checkout.orderlineitem",
    "pk": 36,
    "fields": {
        "order": 33,
        "product": "77fed194-210d-4617-9a1c-aeff6e2b089d",
        "product_size": "m",
        "quantity": 1,
        "lineitem_total": "309.00"
    }
},
{
    "model": "checkout.orderlineitem",
    "pk": 37,
    "fields": {
        "order": 34,
        "product": "77fed194-210d-4617-9a1c-aeff6e2b089d",
        "product_size": "m",
        "quantity": 1,
        "lineitem_total": "309.00"
    }
},
{
    "model": "checkout.orderlineitem",
    "pk": 38,
    "fields": {
        "order": 35,
        "product": "604696fd-75d7-49d5-8248-da09a0255946",
        "product_size": "m",
        "quantity": 10,
        "lineitem_total": "2490.00"
    }
},
{
    "model": "checkout.orderlineitem",
    "pk": 39,
    "fields": {
        "order": 36,
        "product": "3b48552e-3e2c-48e4-b910-b6c190cd0099",
        "product_size": "m",
        "quantity": 1,
        "lineitem_total": "219.00"
    }
},
{
    "model": "checkout.orderlineitem",
    "pk": 40,
    "fields": {
        "order": 37,
        "product": "d86217f6-42d7-411f-b3bf-dc6a979e8c3e",
        "product_size": "m",
        "quantity": 3,
        "lineitem_total": "597.00"
    }
},
{
    "model": "checkout.orderlineitem",
    "pk": 41,
    "fields": {
        "order": 38,
        "product": "77fed194-210d-4617-9a1c-aeff6e2b089d",
        "product_size": "m",
        "quantity": 1,
        "lineitem_total": "309.00"
    }
},
{
    "model": "checkout.orderlineitem",
    "pk": 42,
    "fields": {
        "order": 39,
        "product": "604696fd-75d7-49d5-8248-da09a0255946",
        "product_size": "m",
        "quantity": 1,
        "lineitem_total": "249.00"
    }
},
{
    "model": "checkout.orderlineitem",
    "pk": 43,
    "fields": {
        "order": 39,
        "product": "604696fd-75d7-49d5-8248-da09a0255946",
        "product_size": "s",
        "quantity": 1,
        "lineitem_total": "249.00"
    }
},
{
    "model": "checkout.orderlineitem",
    "pk": 44,
    "fields": {
        "order": 39,
        "product": "3b48552e-3e2c-48e4-b910-b6c190cd0099",
        "product_size": null,
        "quantity": 1,
        "lineitem_total": "219.00"
    }
},
{
    "model": "checkout.orderlineitem",
    "pk": 45,
    "fields": {
        "order": 39,
        "product": "77fed194-210d-4617-9a1c-aeff6e2b089d",
        "product_size": "m",
        "quantity": 9,
        "lineitem_total": "2781.00"
    }
},
{
    "model": "checkout.orderlineitem",
    "pk": 46,
    "fields": {
        "order": 39,
        "product": "d86217f6-42d7-411f-b3bf-dc6a979e8c3e",
        "product_size": "m",
        "quantity": 4,
        "lineitem_total": "796.00"
    }
},
{
    "model": "checkout.orderlineitem",
    "pk": 47,
    "fields": {
        "order": 39,
        "product": "ee266378-4b5f-4092-987c-b95272b6026d",
        "product_size": "s",
        "quantity": 1,
        "lineitem_total": "339.00"
    }
},
{
    "model": "checkout.orderlineitem",
    "pk": 48,
    "fields": {
        "order": 39,
        "product": "c1520aad-0c01-4ec2-96ed-40bfed39fbd5",
        "product_size": null,
        "quantity": 1,
        "lineitem_total": "566.99"
    }
},
{
    "model": "checkout.orderlineitem",
    "pk": 49,
    "fields": {
        "order": 40,
        "product": "604696fd-75d7-49d5-8248-da09a0255946",
        "product_size": "m",
        "quantity": 1,
        "lineitem_total": "249.00"
    }
},
{
    "model": "checkout.orderlineitem",
    "pk": 50,
    "fields": {
        "order": 40,
        "product": "604696fd-75d7-49d5-8248-da09a0255946",
        "product_size": "s",
        "quantity": 1,
        "lineitem_total": "249.00"
    }
},
{
    "model": "checkout.orderlineitem",
    "pk": 51,
    "fields": {
        "order": 40,
        "product": "3b48552e-3e2c-48e4-b910-b6c190cd0099",
        "product_size": null,
        "quantity": 1,
        "lineitem_total": "219.00"
    }
},
{
    "model": "checkout.orderlineitem",
    "pk": 52,
    "fields": {
        "order": 40,
        "product": "77fed194-210d-4617-9a1c-aeff6e2b089d",
        "product_size": "m",
        "quantity": 9,
        "lineitem_total": "2781.00"
    }
},
{
    "model": "checkout.orderlineitem",
    "pk": 53,
    "fields": {
        "order": 40,
        "product": "d86217f6-42d7-411f-b3bf-dc6a979e8c3e",
        "product_size": "m",
        "quantity": 4,
        "lineitem_total": "796.00"
    }
},
{
    "model": "checkout.orderlineitem",
    "pk": 54,
    "fields": {
        "order": 40,
        "product": "ee266378-4b5f-4092-987c-b95272b6026d",
        "product_size": "s",
        "quantity": 1,
        "lineitem_total": "339.00"
    }
},
{
    "model": "checkout.orderlineitem",
    "pk": 55,
    "fields": {
        "order": 40,
        "product": "c1520aad-0c01-4ec2-96ed-40bfed39fbd5",
        "product_size": null,
        "quantity": 1,
        "lineitem_total": "566.99"
    }
},
{
    "model": "profiles.userprofile",
    "pk": 1,
    "fields": {
        "user": 1,
        "default_phone_number": "07869359619",
        "default_street_address1": "1700 SW 13th Ave",
        "default_street_address2": null,
        "default_town_or_city": "Miami",
        "default_county": null,
        "default_postcode": "33145",
        "default_country": "DE"
    }
},
{
    "model": "profiles.userprofile",
    "pk": 2,
    "fields": {
        "user": 4,
        "default_phone_number": "7869359619",
        "default_street_address1": "1700 SW 13th Ave",
        "default_street_address2": null,
        "default_town_or_city": "Miami",
        "default_county": "FL",
        "default_postcode": "33145",
        "default_country": "US"
    }
},
{
    "model": "profiles.wishlist",
    "pk": 14,
    "fields": {
        "user": 1,
        "product": "c1520aad-0c01-4ec2-96ed-40bfed39fbd5",
        "created": "2024-11-24T15:16:37.624Z"
    }
},
{
    "model": "profiles.wishlist",
    "pk": 15,
    "fields": {
        "user": 1,
        "product": "77abae0e-8de2-4de9-80ed-97125477b0f8",
        "created": "2024-11-24T15:16:46.152Z"
    }
},
{
    "model": "profiles.wishlist",
    "pk": 16,
    "fields": {
        "user": 1,
        "product": "3b48552e-3e2c-48e4-b910-b6c190cd0099",
        "created": "2024-11-24T15:16:51.966Z"
    }
},
{
    "model": "profiles.wishlist",
    "pk": 17,
    "fields": {
        "user": 1,
        "product": "ee266378-4b5f-4092-987c-b95272b6026d",
        "created": "2024-11-24T15:17:03.804Z"
    }
},
{
    "model": "profiles.wishlist",
    "pk": 19,
    "fields": {
        "user": 1,
        "product": "77fed194-210d-4617-9a1c-aeff6e2b089d",
        "created": "2024-11-25T14:09:30.292Z"
    }
},
{
    "model": "profiles.wishlist",
    "pk": 20,
    "fields": {
        "user": 1,
        "product": "d86217f6-42d7-411f-b3bf-dc6a979e8c3e",
        "created": "2024-11-25T15:37:21.154Z"
    }
},
{
    "model": "reviews.review",
    "pk": 1,
    "fields": {
        "user": 1,
        "product": "34731682-66d9-425b-8541-6f03e063d65d",
        "rating": 5,
        "review": "Lovely wig. Will buy more of them in the near future.",
        "created_on": "2024-11-23T18:41:59.274Z"
    }
},
{
    "model": "reviews.review",
    "pk": 2,
    "fields": {
        "user": 1,
        "product": "ccad0077-8a94-4006-a028-f5eee873da33",
        "rating": 4,
        "review": "Love me a red head, always. Soo fiery hot!!!",
        "created_on": "2024-11-23T18:44:02.956Z"
    }
},
{
    "model": "reviews.review",
    "pk": 3,
    "fields": {
        "user": 1,
        "product": "604696fd-75d7-49d5-8248-da09a0255946",
        "rating": 5,
        "review": "Really nice wig. Will buy it again.",
        "created_on": "2024-11-23T22:07:05.579Z"
    }
},
{
    "model": "reviews.review",
    "pk": 4,
    "fields": {
        "user": 1,
        "product": "34731682-66d9-425b-8541-6f03e063d65d",
        "rating": 5,
        "review": "I am so happy with this wig. It is so durable and lasts long.",
        "created_on": "2024-11-23T22:25:44.243Z"
    }
},
{
    "model": "reviews.review",
    "pk": 5,
    "fields": {
        "user": 1,
        "product": "d86217f6-42d7-411f-b3bf-dc6a979e8c3e",
        "rating": 4,
        "review": "Lovely Wig. It fits my face and looks even like my own hair.",
        "created_on": "2024-11-23T22:36:29.724Z"
    }
},
{
    "model": "reviews.review",
    "pk": 6,
    "fields": {
        "user": 1,
        "product": "77fed194-210d-4617-9a1c-aeff6e2b089d",
        "rating": 5,
        "review": "Love the colours of this wig. Can highly recommend it.",
        "created_on": "2024-11-23T22:40:33.077Z"
    }
},
{
    "model": "reviews.review",
    "pk": 7,
    "fields": {
        "user": 1,
        "product": "77fed194-210d-4617-9a1c-aeff6e2b089d",
        "rating": 3,
        "review": "Uppst it lost a lot of hair after the first wash and consequtive washing. Be aware.",
        "created_on": "2024-11-23T23:21:32.589Z"
    }
},
{
    "model": "reviews.review",
    "pk": 8,
    "fields": {
        "user": 1,
        "product": "77fed194-210d-4617-9a1c-aeff6e2b089d",
        "rating": 3,
        "review": "Argggg will never buy this wig again.",
        "created_on": "2024-11-23T23:22:33.347Z"
    }
},
{
    "model": "reviews.review",
    "pk": 9,
    "fields": {
        "user": 1,
        "product": "c1520aad-0c01-4ec2-96ed-40bfed39fbd5",
        "rating": 5,
        "review": "Love the colour and length. It does not shed too much after the first initial wash.",
        "created_on": "2024-11-23T23:25:25.694Z"
    }
},
{
    "model": "reviews.review",
    "pk": 10,
    "fields": {
        "user": 1,
        "product": "c1520aad-0c01-4ec2-96ed-40bfed39fbd5",
        "rating": 5,
        "review": "Really good durable week after months of having it.",
        "created_on": "2024-11-23T23:26:33.301Z"
    }
},
{
    "model": "reviews.review",
    "pk": 11,
    "fields": {
        "user": 1,
        "product": "d86217f6-42d7-411f-b3bf-dc6a979e8c3e",
        "rating": 2,
        "review": "lovely wig",
        "created_on": "2024-11-23T23:34:59.693Z"
    }
},
{
    "model": "discount.discount",
    "pk": 1,
    "fields": {
        "code": "HW55",
        "discount": 55,
        "active": true
    }
}
]
